"Absorb (吸取)","Grass","Special",20,100,20,20,0,"normal","The user recovers 1/2 the HP lost by the target, rounded down.",
"Acid (溶解液)","Poison","Physical",40,100,40,30,0,"allAdjacentFoes","Has a 10% chance to lower the target's Defense by 1 stage.",
"Acid Armor (溶化)","Poison","Status",0,true,0,40,0,"self","Raises the user's Defense by 2 stages.",
"Aerial Ace (燕返)","Flying","Physical",60,true,60,20,0,"any","This move does not check accuracy.",
"Aeroblast (气旋攻击)","Flying","Physical",100,95,95,5,0,"any","Has a higher chance for a critical hit.",
"Agility (高速移动)","Psychic","Status",0,true,0,30,0,"self","Raises the user's Speed by 2 stages.",
"Air Cutter (空气利刃)","Flying","Physical",55,95,52.25,25,0,"allAdjacentFoes","Has a higher chance for a critical hit.",
"Amnesia (瞬间失忆)","Psychic","Status",0,true,0,20,0,"self","Raises the user's Special Defense by 2 stages.",
"Ancient Power (原始之力)","Rock","Physical",60,100,60,5,0,"normal","Has a 10% chance to raise the user's Attack, Defense, Special Attack, Special Defense, and Speed by 1 stage.",
"Arm Thrust (猛推)","Fighting","Physical",15,100,15,20,0,"normal","Hits two to five times. Has a 3/8 chance to hit two or three times, and a 1/8 chance to hit four or five times. If one of the hits breaks the target's substitute, it will take damage for the remaining hits.",
"Aromatherapy (芳香治疗)","Grass","Status",0,true,0,5,0,"allyTeam","Every Pokemon in the user's party is cured of its non-volatile status condition.",
"Assist (借助)","Normal","Status",0,true,0,20,0,"self","A random move among those known by the user's party members is selected for use. Does not select Assist, Counter, Covet, Destiny Bond, Detect, Endure, Focus Punch, Follow Me, Helping Hand, Metronome, Mimic, Mirror Coat, Mirror Move, Protect, Sketch, Sleep Talk, Snatch, Struggle, Thief, or Trick.",
"Astonish (惊吓)","Ghost","Physical",30,100,30,15,0,"normal","Has a 30% chance to make the target flinch. Damage doubles if the target has used Minimize while active.",
"Attract (迷人)","Normal","Status",0,100,0,15,0,"normal","Causes the target to become infatuated, making it unable to attack 50% of the time. Fails if both the user and the target are the same gender, if either is genderless, or if the target is already infatuated. The effect ends when either the user or the target is no longer active. Pokemon with the Oblivious Ability are immune.",
"Aurora Beam (极光束)","Ice","Special",65,100,65,20,0,"normal","Has a 10% chance to lower the target's Attack by 1 stage.",
"Barrage (投球)","Normal","Physical",15,85,12.75,20,0,"normal","Hits two to five times. Has a 3/8 chance to hit two or three times, and a 1/8 chance to hit four or five times. If one of the hits breaks the target's substitute, it will take damage for the remaining hits.",
"Barrier (屏障)","Psychic","Status",0,true,0,30,0,"self","Raises the user's Defense by 2 stages.",
"Baton Pass (接棒)","Normal","Status",0,true,0,40,0,"self","The user is replaced with another Pokemon in its party. The selected Pokemon has the user's stat stage changes, confusion, and certain move effects transferred to it.",
"Beat Up (围攻)","Dark","Special",10,100,10,10,0,"normal","Deals typeless damage. Hits one time for each unfainted Pokemon without a non-volatile status condition in the user's party, or fails if no Pokemon meet the criteria. For each hit, the damage formula uses the participating Pokemon's base Attack as the Attack stat, the target's base Defense as the Defense stat, and ignores stat stages and other effects that modify Attack or Defense; each hit is considered to come from the user.",
"Belly Drum (腹鼓)","Normal","Status",0,true,0,10,0,"self","Raises the user's Attack by 12 stages in exchange for the user losing 1/2 of its maximum HP, rounded down. Fails if the user would faint or if its Attack stat stage is 6.",
"Bide (忍耐)","Normal","Physical",0,100,0,10,0,"self","The user spends two turns locked into this move and then, on the second turn after using this move, the user attacks the last Pokemon that hit it, inflicting double the damage in HP it lost during the two turns. If the last Pokemon that hit it is no longer active, the user attacks a random opposing Pokemon instead. If the user is prevented from moving during this move's use, the effect ends. This move does not ignore type immunity.",
"Bind (绑紧)","Normal","Physical",15,75,11.25,20,0,"normal","Prevents the target from switching for two to five turns. Causes damage to the target equal to 1/16 of its maximum HP, rounded down, at the end of each turn during effect. The target can still switch out if it uses Baton Pass. The effect ends if either the user or the target leaves the field, or if the target uses Rapid Spin or Substitute successfully. This effect is not stackable or reset by using this or another binding move.",
"Bite (咬住)","Dark","Special",60,100,60,25,0,"normal","Has a 30% chance to make the target flinch.",
"Blast Burn (爆炸烈焰)","Fire","Special",150,90,135,5,0,"normal","If this move is successful, the user must recharge on the following turn and cannot select a move.",
"Blaze Kick (火焰踢)","Fire","Special",85,90,76.5,10,0,"normal","Has a 10% chance to burn the target and a higher chance for a critical hit.",
"Blizzard (暴风雪)","Ice","Special",120,70,84,5,0,"allAdjacentFoes","Has a 10% chance to freeze the target.",
"Block (挡路)","Normal","Status",0,true,0,5,0,"normal","Prevents the target from switching out. The target can still switch out if it uses Baton Pass. If the target leaves the field using Baton Pass, the replacement will remain trapped. The effect ends if the user leaves the field, unless it uses Baton Pass, in which case the target will remain trapped.",
"Body Slam (泰山压顶)","Normal","Physical",85,100,85,15,0,"normal","Has a 30% chance to paralyze the target.",
"Bone Club (骨棒)","Ground","Physical",65,85,55.25,20,0,"normal","Has a 10% chance to make the target flinch.",
"Bone Rush (骨棒乱打)","Ground","Physical",25,80,20,10,0,"normal","Hits two to five times. Has a 3/8 chance to hit two or three times, and a 1/8 chance to hit four or five times. If one of the hits breaks the target's substitute, it will take damage for the remaining hits.",
"Bonemerang (骨头回力镖)","Ground","Physical",50,90,45,10,0,"normal","Hits twice. If the first hit breaks the target's substitute, it will take damage for the second hit.",
"Bounce (弹跳)","Flying","Physical",85,85,72.25,5,0,"any","Has a 30% chance to paralyze the target. This attack charges on the first turn and executes on the second. On the first turn, the user avoids all attacks other than Gust, Sky Uppercut, Thunder, and Twister, and Gust and Twister have doubled power when used against it.",
"Brick Break (劈瓦)","Fighting","Physical",75,100,75,15,0,"normal","If this attack does not miss and whether or not the target is immune, the effects of Reflect and Light Screen end for the opponent's side of the field before damage is calculated.",
"Bubble (泡沫)","Water","Special",20,100,20,30,0,"allAdjacentFoes","Has a 10% chance to lower the target's Speed by 1 stage.",
"Bubble Beam (泡沫光线)","Water","Special",65,100,65,20,0,"normal","Has a 10% chance to lower the target's Speed by 1 stage.",
"Bulk Up (健美)","Fighting","Status",0,true,0,20,0,"self","Raises the user's Attack and Defense by 1 stage.",
"Bullet Seed (种子机关枪)","Grass","Special",10,100,10,30,0,"normal","Hits two to five times. Has a 3/8 chance to hit two or three times, and a 1/8 chance to hit four or five times. If one of the hits breaks the target's substitute, it will take damage for the remaining hits.",
"Calm Mind (冥想)","Psychic","Status",0,true,0,20,0,"self","Raises the user's Special Attack and Special Defense by 1 stage.",
"Camouflage (保护色)","Normal","Status",0,true,0,20,0,"self","The user's type changes based on the battle terrain. Normal type on the regular Wi-Fi terrain. Fails if the type is one of the user's current types.",
"Charge (充电)","Electric","Status",0,true,0,20,0,"self","If the user uses an Electric-type attack on the next turn, its power will be doubled.",
"Charm (撒娇)","Normal","Status",0,100,0,20,0,"normal","Lowers the target's Attack by 2 stages.",
"Clamp (贝壳夹击)","Water","Special",35,75,26.25,10,0,"normal","Prevents the target from switching for two to five turns. Causes damage to the target equal to 1/16 of its maximum HP, rounded down, at the end of each turn during effect. The target can still switch out if it uses Baton Pass. The effect ends if either the user or the target leaves the field, or if the target uses Rapid Spin or Substitute successfully. This effect is not stackable or reset by using this or another binding move.",
"Comet Punch (连续拳)","Normal","Physical",18,85,15.3,15,0,"normal","Hits two to five times. Has a 3/8 chance to hit two or three times, and a 1/8 chance to hit four or five times. If one of the hits breaks the target's substitute, it will take damage for the remaining hits.",
"Confuse Ray (奇异之光)","Ghost","Status",0,100,0,10,0,"normal","Causes the target to become confused.",
"Confusion (念力)","Psychic","Special",50,100,50,25,0,"normal","Has a 10% chance to confuse the target.",
"Constrict (缠绕)","Normal","Physical",10,100,10,35,0,"normal","Has a 10% chance to lower the target's Speed by 1 stage.",
"Conversion (纹理)","Normal","Status",0,true,0,30,0,"self","The user's type changes to match the original type of one of its known moves besides Curse, at random, but not either of its current types. Fails if the user cannot change its type, or if this move would only be able to select one of the user's current types.",
"Conversion 2 (纹理２)","Normal","Status",0,true,0,30,0,"normal","The user's type changes to match a type that resists or is immune to the type of the last move used against the user, if it was successful against the user, but not either of its current types. The determined type of the move is used rather than the original type, but considers Struggle as Normal. Fails if the last move used against the user was not successful, or if this move would only be able to select one of the user's current types.",
"Cosmic Power (宇宙力量)","Psychic","Status",0,true,0,20,0,"self","Raises the user's Defense and Special Defense by 1 stage.",
"Cotton Spore (棉孢子)","Grass","Status",0,85,0,40,0,"normal","Lowers the target's Speed by 2 stages.",
"Counter (双倍奉还)","Fighting","Physical",0,100,0,20,-5,"scripted","Deals damage to the last opposing Pokemon to hit the user with a physical attack this turn equal to twice the HP lost by the user from that attack. If that opposing Pokemon's position is no longer in use and there is another opposing Pokemon on the field, the damage is done to it instead. This move considers Hidden Power as Normal type, and only the last hit of a multi-hit attack is counted. Fails if the user was not hit by an opposing Pokemon's physical attack this turn, or if the user did not lose HP from the attack.",
"Covet (渴望)","Normal","Physical",40,100,40,40,0,"normal","If this attack was successful and the user has not fainted, it steals the target's held item if the user is not holding one. The target's item is not stolen if it is a Mail or Enigma Berry. Items lost to this move cannot be regained with Recycle.",
"Crabhammer (蟹钳锤)","Water","Special",90,85,76.5,10,0,"normal","Has a higher chance for a critical hit.",
"Cross Chop (十字劈)","Fighting","Physical",100,80,80,5,0,"normal","Has a higher chance for a critical hit.",
"Crunch (咬碎)","Dark","Special",80,100,80,15,0,"normal","Has a 20% chance to lower the target's Special Defense by 1 stage.",
"Crush Claw (撕裂爪)","Normal","Physical",75,95,71.25,10,0,"normal","Has a 50% chance to lower the target's Defense by 1 stage.",
"Curse (咒术)","???","Status",0,true,0,10,0,"normal","If the user is not a Ghost type, lowers the user's Speed by 1 stage and raises the user's Attack and Defense by 1 stage. If the user is a Ghost type, the user loses 1/2 of its maximum HP, rounded down and even if it would cause fainting, in exchange for the target losing 1/4 of its maximum HP, rounded down, at the end of each turn while it is active. If the target uses Baton Pass, the replacement will continue to be affected. Fails if there is no target or if the target is already affected or has a substitute.",
"Cut (居合劈)","Normal","Physical",50,95,47.5,30,0,"normal","No additional effect.",
"Defense Curl (变圆)","Normal","Status",0,true,0,40,0,"self","Raises the user's Defense by 1 stage. As long as the user remains active, the power of the user's Ice Ball and Rollout will be doubled (this effect is not stackable).",
"Destiny Bond (同命)","Ghost","Status",0,true,0,5,0,"self","Until the user's next turn, if an opposing Pokemon's attack knocks the user out, that Pokemon faints as well, unless the attack was Doom Desire or Future Sight.",
"Detect (看穿)","Fighting","Status",0,true,0,5,3,"self","The user is protected from most attacks made by other Pokemon during this turn. This move has an X/65536 chance of being successful, where X starts at 65535 and halves, rounded down, each time this move is successfully used. After the fourth successful use in a row, X drops to 118 and continues with seemingly random values from 0-65535 on subsequent successful uses. X resets to 65535 if this move fails or if the user's last move used is not Detect, Endure, or Protect. Fails if the user moves last this turn.",
"Dig (挖洞)","Ground","Physical",60,100,60,10,0,"normal","This attack charges on the first turn and executes on the second. On the first turn, the user avoids all attacks other than Earthquake and Magnitude, which have doubled power when used against it, and is also unaffected by weather.",
"Disable (定身法)","Normal","Status",0,55,0,20,0,"normal","For 2 to 5 turns, the target's last move used becomes disabled. Fails if one of the target's moves is already disabled, if the target has not made a move, if the target no longer knows the move, or if the move has 0 PP.",
"Dive (潜水)","Water","Special",60,100,60,10,0,"normal","This attack charges on the first turn and executes on the second. On the first turn, the user avoids all attacks other than Surf and Whirlpool, which have doubled power when used against it, and is also unaffected by weather.",
"Dizzy Punch (迷昏拳)","Normal","Physical",70,100,70,10,0,"normal","Has a 20% chance to confuse the target.",
"Doom Desire (破灭之愿)","Steel","Physical",120,85,102,5,0,"normal","Deals typeless damage that cannot be a critical hit two turns after this move is used. Damage is calculated against the target on use, and at the end of the final turn that damage is dealt to the Pokemon at the position the original target had at the time. Fails if this move or Future Sight is already in effect for the target's position.",
"Double Kick (二连踢)","Fighting","Physical",30,100,30,30,0,"normal","Hits twice. If the first hit breaks the target's substitute, it will take damage for the second hit.",
"Double Slap (连环巴掌)","Normal","Physical",15,85,12.75,10,0,"normal","Hits two to five times. Has a 3/8 chance to hit two or three times, and a 1/8 chance to hit four or five times. If one of the hits breaks the target's substitute, it will take damage for the remaining hits.",
"Double Team (影子分身)","Normal","Status",0,true,0,15,0,"self","Raises the user's evasiveness by 1 stage.",
"Double-Edge (舍身冲撞)","Normal","Physical",120,100,120,15,0,"normal","If the target lost HP, the user takes recoil damage equal to 1/3 the HP lost by the target, rounded down, but not less than 1 HP.",
"Dragon Breath (龙息)","Dragon","Special",60,100,60,20,0,"normal","Has a 30% chance to paralyze the target.",
"Dragon Claw (龙爪)","Dragon","Special",80,100,80,15,0,"normal","No additional effect.",
"Dragon Dance (龙之舞)","Dragon","Status",0,true,0,20,0,"self","Raises the user's Attack and Speed by 1 stage.",
"Dragon Rage (龙之怒)","Dragon","Special",0,100,0,10,0,"normal","Deals 40 HP of damage to the target.",
"Dream Eater (食梦)","Psychic","Special",100,100,100,15,0,"normal","The target is unaffected by this move unless it is asleep and does not have a substitute. The user recovers 1/2 the HP lost by the target, rounded down, but not less than 1 HP.",
"Drill Peck (啄钻)","Flying","Physical",80,100,80,20,0,"any","No additional effect.",
"Dynamic Punch (爆裂拳)","Fighting","Physical",100,50,50,5,0,"normal","Has a 100% chance to confuse the target.",
"Earthquake (地震)","Ground","Physical",100,100,100,10,0,"allAdjacent","Power doubles if the target is using Dig.",
"Egg Bomb (炸蛋)","Normal","Physical",100,75,75,10,0,"normal","No additional effect.",
"Ember (火花)","Fire","Special",40,100,40,25,0,"normal","Has a 10% chance to burn the target.",
"Encore (再来一次)","Normal","Status",0,100,0,5,0,"normal","For 3 to 6 turns, the target is forced to repeat its last move used. If the affected move runs out of PP, the effect ends. Fails if the target is already under this effect, if it has not made a move, if the move has 0 PP, or if the move is Encore, Mimic, Mirror Move, Sketch, Struggle, or Transform.",
"Endeavor (蛮干)","Normal","Physical",0,100,0,5,0,"normal","Deals damage to the target equal to (target's current HP - user's current HP). The target is unaffected if its current HP is less than or equal to the user's current HP.",
"Endure (挺住)","Normal","Status",0,true,0,10,4,"self","The user will survive attacks made by other Pokemon during this turn with at least 1 HP. This move has an X/65536 chance of being successful, where X starts at 65535 and halves, rounded down, each time this move is successfully used. After the fourth successful use in a row, X drops to 118 and continues with seemingly random values from 0-65535 on subsequent successful uses. X resets to 65535 if this move fails or if the user's last move used is not Detect, Endure, or Protect. Fails if the user moves last this turn.",
"Eruption (喷火)","Fire","Special",150,100,150,5,0,"allAdjacentFoes","Power is equal to (user's current HP * 150 / user's maximum HP), rounded down, but not less than 1.",
"Explosion (大爆炸)","Normal","Physical",250,100,250,5,0,"allAdjacent","The user faints after using this move. The target's Defense is halved during damage calculation. This move is prevented from executing if any active Pokemon has the Damp Ability.",
"Extrasensory (神通力)","Psychic","Special",80,100,80,30,0,"normal","Has a 10% chance to make the target flinch. Damage doubles if the target has used Minimize while active.",
"Extreme Speed (神速)","Normal","Physical",80,100,80,5,1,"normal","No additional effect.",
"Facade (硬撑)","Normal","Physical",70,100,70,20,0,"normal","Power doubles if the user is burned, paralyzed, or poisoned.",
"Fake Out (击掌奇袭)","Normal","Physical",40,100,40,10,1,"normal","Has a 100% chance to make the target flinch. Fails unless it is the user's first turn on the field.",
"Fake Tears (假哭)","Dark","Status",0,100,0,20,0,"normal","Lowers the target's Special Defense by 2 stages.",
"False Swipe (点到为止)","Normal","Physical",40,100,40,40,0,"normal","Leaves the target with at least 1 HP.",
"Feather Dance (羽毛舞)","Flying","Status",0,100,0,15,0,"normal","Lowers the target's Attack by 2 stages.",
"Feint Attack (出奇一击)","Dark","Special",60,true,60,20,0,"normal","This move does not check accuracy.",
"Fire Blast (大字爆炎)","Fire","Special",120,85,102,5,0,"normal","Has a 10% chance to burn the target.",
"Fire Punch (火焰拳)","Fire","Special",75,100,75,15,0,"normal","Has a 10% chance to burn the target.",
"Fire Spin (火焰旋涡)","Fire","Special",15,70,10.5,15,0,"normal","Prevents the target from switching for two to five turns. Causes damage to the target equal to 1/16 of its maximum HP, rounded down, at the end of each turn during effect. The target can still switch out if it uses Baton Pass. The effect ends if either the user or the target leaves the field, or if the target uses Rapid Spin or Substitute successfully. This effect is not stackable or reset by using this or another binding move.",
"Fissure (地裂)","Ground","Physical",0,30,0,5,0,"normal","Deals damage to the target equal to the target's maximum HP. Ignores accuracy and evasiveness modifiers. This attack's accuracy is equal to (user's level - target's level + 30)%, and fails if the target is at a higher level. Pokemon with the Sturdy Ability are immune.",
"Flail (抓狂)","Normal","Physical",0,100,0,15,0,"normal","The power of this move is 20 if X is 33 to 48, 40 if X is 17 to 32, 80 if X is 10 to 16, 100 if X is 5 to 9, 150 if X is 2 to 4, and 200 if X is 0 or 1, where X is equal to (user's current HP * 48 / user's maximum HP), rounded down.",
"Flame Wheel (火焰轮)","Fire","Special",60,100,60,25,0,"normal","Has a 10% chance to burn the target.",
"Flamethrower (喷射火焰)","Fire","Special",95,100,95,15,0,"normal","Has a 10% chance to burn the target.",
"Flash (闪光)","Normal","Status",0,70,0,20,0,"normal","Lowers the target's accuracy by 1 stage.",
"Flatter (吹捧)","Dark","Status",0,100,0,15,0,"normal","Raises the target's Special Attack by 1 stage and confuses it.",
"Fly (飞翔)","Flying","Physical",70,95,66.5,15,0,"any","This attack charges on the first turn and executes on the second. On the first turn, the user avoids all attacks other than Gust, Sky Uppercut, Thunder, and Twister, and Gust and Twister have doubled power when used against it.",
"Focus Energy (聚气)","Normal","Status",0,true,0,30,0,"self","Raises the user's chance for a critical hit by 2 stages. Fails if the user already has the effect. Baton Pass can be used to transfer this effect to an ally.",
"Focus Punch (真气拳)","Fighting","Physical",150,100,150,20,-3,"normal","The user loses its focus and does nothing if it is hit by a damaging attack this turn before it can execute the move, but it still loses PP.",
"Follow Me (看我嘛)","Normal","Status",0,true,0,20,3,"self","Until the end of the turn, all single-target attacks from the opposing side are redirected to the user. Such attacks are redirected to the user before they can be reflected by Magic Coat, or drawn in by the Lightning Rod Ability. This effect remains active even if the user leaves the field. Fails if it is not a Double Battle.",
"Foresight (识破)","Normal","Status",0,100,0,40,0,"normal","As long as the target remains active, its evasiveness stat stage is ignored during accuracy checks against it, and Normal- and Fighting-type attacks can hit the target if it is a Ghost type.",
"Frenzy Plant (疯狂植物)","Grass","Special",150,90,135,5,0,"normal","If this move is successful, the user must recharge on the following turn and cannot select a move.",
"Frustration (迁怒)","Normal","Physical",0,100,0,20,0,"normal","Power is equal to the greater of ((255 - user's Happiness) * 2/5), rounded down, or 1.",
"Fury Attack (乱击)","Normal","Physical",15,85,12.75,20,0,"normal","Hits two to five times. Has a 3/8 chance to hit two or three times, and a 1/8 chance to hit four or five times. If one of the hits breaks the target's substitute, it will take damage for the remaining hits.",
"Fury Cutter (连斩)","Bug","Physical",10,95,9.5,20,0,"normal","Power doubles with each successful hit, up to a maximum of 160 power. The power is reset if this move misses or another move is used.",
"Fury Swipes (乱抓)","Normal","Physical",18,80,14.4,15,0,"normal","Hits two to five times. Has a 3/8 chance to hit two or three times, and a 1/8 chance to hit four or five times. If one of the hits breaks the target's substitute, it will take damage for the remaining hits.",
"Future Sight (预知未来)","Psychic","Special",80,90,72,15,0,"normal","Deals typeless damage that cannot be a critical hit two turns after this move is used. Damage is calculated against the target on use, and at the end of the final turn that damage is dealt to the Pokemon at the position the original target had at the time. Fails if this move or Doom Desire is already in effect for the target's position.",
"Giga Drain (终极吸取)","Grass","Special",60,100,60,5,0,"normal","The user recovers 1/2 the HP lost by the target, rounded down.",
"Glare (大蛇瞪眼)","Normal","Status",0,75,0,30,0,"normal","Paralyzes the target. This move does not ignore type immunity.",
"Grass Whistle (草笛)","Grass","Status",0,55,0,15,0,"normal","Causes the target to fall asleep.",
"Growl (叫声)","Normal","Status",0,100,0,40,0,"allAdjacentFoes","Lowers the target's Attack by 1 stage.",
"Growth (生长)","Normal","Status",0,true,0,40,0,"self","Raises the user's Special Attack by 1 stage.",
"Grudge (怨念)","Ghost","Status",0,true,0,5,0,"self","Until the user's next turn, if an opposing Pokemon's attack knocks the user out, that move loses all its remaining PP.",
"Guillotine (极落钳)","Normal","Physical",0,30,0,5,0,"normal","Deals damage to the target equal to the target's maximum HP. Ignores accuracy and evasiveness modifiers. This attack's accuracy is equal to (user's level - target's level + 30)%, and fails if the target is at a higher level. Pokemon with the Sturdy Ability are immune.",
"Gust (起风)","Flying","Physical",40,100,40,35,0,"any","Power doubles if the target is using Bounce or Fly.",
"Hail (冰雹)","Ice","Status",0,true,0,10,0,"all","For 5 turns, the weather becomes Hail. At the end of each turn except the last, all active Pokemon lose 1/16 of their maximum HP, rounded down, unless they are an Ice type. Fails if the current weather is Hail.",
"Harden (变硬)","Normal","Status",0,true,0,30,0,"self","Raises the user's Defense by 1 stage.",
"Haze (黑雾)","Ice","Status",0,true,0,30,0,"all","Resets the stat stages of all active Pokemon to 0.",
"Headbutt (头锤)","Normal","Physical",70,100,70,15,0,"normal","Has a 30% chance to make the target flinch.",
"Heal Bell (治愈铃声)","Normal","Status",0,true,0,5,0,"allyTeam","Every Pokemon in the user's party is cured of its non-volatile status condition. Pokemon with the Soundproof Ability are not cured.",
"Heat Wave (热风)","Fire","Special",100,90,90,10,0,"allAdjacentFoes","Has a 10% chance to burn the target.",
"Helping Hand (帮助)","Normal","Status",0,true,0,20,5,"adjacentAlly","The power of the target's attack this turn is multiplied by 1.5 (this effect is stackable). Fails if there is no ally adjacent to the user or if the ally already moved this turn, but does not fail if the ally is using a two-turn move.",
"Hidden Power (觉醒力量)","Normal","Physical",0,100,0,15,0,"normal","This move's type and power depend on the user's individual values (IVs). Power varies between 30 and 70, and type can be any but Normal.",
"High Jump Kick (飞膝踢)","Fighting","Physical",85,90,76.5,20,0,"normal","If this attack is not successful and the target was not immune, the user loses HP equal to half of the damage the target would have taken, rounded down, but no less than 1 HP and no more than half of the target's maximum HP, as crash damage.",
"Horn Attack (角撞)","Normal","Physical",65,100,65,25,0,"normal","No additional effect.",
"Horn Drill (角钻)","Normal","Physical",0,30,0,5,0,"normal","Deals damage to the target equal to the target's maximum HP. Ignores accuracy and evasiveness modifiers. This attack's accuracy is equal to (user's level - target's level + 30)%, and fails if the target is at a higher level. Pokemon with the Sturdy Ability are immune.",
"Howl (长嚎)","Normal","Status",0,true,0,40,0,"self","Raises the user's Attack by 1 stage.",
"Hydro Cannon (加农水炮)","Water","Special",150,90,135,5,0,"normal","If this move is successful, the user must recharge on the following turn and cannot select a move.",
"Hydro Pump (水炮)","Water","Special",120,80,96,5,0,"normal","No additional effect.",
"Hyper Beam (破坏光线)","Normal","Physical",150,90,135,5,0,"normal","If this move is successful, the user must recharge on the following turn and cannot select a move.",
"Hyper Fang (终结门牙)","Normal","Physical",80,90,72,15,0,"normal","Has a 10% chance to make the target flinch.",
"Hyper Voice (巨声)","Normal","Physical",90,100,90,10,0,"allAdjacentFoes","No additional effect.",
"Hypnosis (催眠术)","Psychic","Status",0,60,0,20,0,"normal","Causes the target to fall asleep.",
"Ice Ball (冰球)","Ice","Special",30,90,27,20,0,"normal","If this move is successful, the user is locked into this move and cannot make another move until it misses, 5 turns have passed, or the attack cannot be used. Power doubles with each successful hit of this move and doubles again if Defense Curl was used previously by the user. If this move is called by Sleep Talk, the move is used for one turn.",
"Ice Beam (冰冻光束)","Ice","Special",95,100,95,10,0,"normal","Has a 10% chance to freeze the target.",
"Ice Punch (冰冻拳)","Ice","Special",75,100,75,15,0,"normal","Has a 10% chance to freeze the target.",
"Icicle Spear (冰锥)","Ice","Special",10,100,10,30,0,"normal","Hits two to five times. Has a 3/8 chance to hit two or three times, and a 1/8 chance to hit four or five times. If one of the hits breaks the target's substitute, it will take damage for the remaining hits.",
"Icy Wind (冰冻之风)","Ice","Special",55,95,52.25,15,0,"allAdjacentFoes","Has a 100% chance to lower the target's Speed by 1 stage.",
"Imprison (封印)","Psychic","Status",0,true,0,10,0,"self","The user prevents all opposing Pokemon from using any moves that the user also knows as long as the user remains active. Fails if no opposing Pokemon know any of the user's moves.",
"Ingrain (扎根)","Grass","Status",0,true,0,20,0,"self","The user has 1/16 of its maximum HP restored at the end of each turn, but it is prevented from switching out and other Pokemon cannot force the user to switch out. The user can still switch out if it uses Baton Pass, and the replacement will remain trapped and still receive the healing effect.",
"Iron Defense (铁壁)","Steel","Status",0,true,0,15,0,"self","Raises the user's Defense by 2 stages.",
"Iron Tail (铁尾)","Steel","Physical",100,75,75,15,0,"normal","Has a 30% chance to lower the target's Defense by 1 stage.",
"Jump Kick (飞踢)","Fighting","Physical",70,95,66.5,25,0,"normal","If this attack is not successful and the target was not immune, the user loses HP equal to half of the damage the target would have taken, rounded down, but no less than 1 HP and no more than half of the target's maximum HP, as crash damage.",
"Karate Chop (空手劈)","Fighting","Physical",50,100,50,25,0,"normal","Has a higher chance for a critical hit.",
"Kinesis (折弯汤匙)","Psychic","Status",0,80,0,15,0,"normal","Lowers the target's accuracy by 1 stage.",
"Knock Off (拍落)","Dark","Special",20,100,20,20,0,"normal","The target's held item is lost for the rest of the battle, unless it has the Sticky Hold Ability. During the effect, the target cannot gain a new item by any means.",
"Leaf Blade (叶刃)","Grass","Special",70,100,70,15,0,"normal","Has a higher chance for a critical hit.",
"Leech Life (汲取)","Bug","Physical",20,100,20,15,0,"normal","The user recovers 1/2 the HP lost by the target, rounded down.",
"Leech Seed (寄生种子)","Grass","Status",0,90,0,10,0,"normal","The Pokemon at the user's position steals 1/8 of the target's maximum HP, rounded down, at the end of each turn. If the target uses Baton Pass, the replacement will continue being leeched. If the target switches out or uses Rapid Spin, the effect ends. Grass-type Pokemon are immune to this move on use, but not its effect.",
"Leer (瞪眼)","Normal","Status",0,100,0,30,0,"allAdjacentFoes","Lowers the target's Defense by 1 stage.",
"Lick (舌舔)","Ghost","Physical",20,100,20,30,0,"normal","Has a 30% chance to paralyze the target.",
"Light Screen (光墙)","Psychic","Status",0,true,0,30,0,"allySide","For 5 turns, the user and its party members take 1/2 damage from special attacks, or 2/3 damage if there are multiple active Pokemon on the user's side. Critical hits ignore this effect. It is removed from the user's side if the user or an ally is successfully hit by Brick Break. Fails if the effect is already active on the user's side.",
"Lock-On (锁定)","Normal","Status",0,100,0,5,0,"normal","Until the end of the next turn, the target cannot avoid the user's moves, even if the target is in the middle of a two-turn move. When this effect is started against the target, this and Mind Reader's effects end for every other Pokemon against that target. If the target leaves the field using Baton Pass, the replacement remains under this effect. If the user leaves the field using Baton Pass, this effect is restarted against the same target for the replacement. The effect ends if either the user or the target leaves the field.",
"Lovely Kiss (恶魔之吻)","Normal","Status",0,75,0,10,0,"normal","Causes the target to fall asleep.",
"Low Kick (踢倒)","Fighting","Physical",0,100,0,20,0,"normal","This move's power is 20 if the target weighs less than 10 kg, 40 if less than 25 kg, 60 if less than 50 kg, 80 if less than 100 kg, 100 if less than 200 kg, and 120 if greater than or equal to 200 kg.",
"Luster Purge (洁净光芒)","Psychic","Special",70,100,70,5,0,"normal","Has a 50% chance to lower the target's Special Defense by 1 stage.",
"Mach Punch (音速拳)","Fighting","Physical",40,100,40,30,1,"normal","No additional effect.",
"Magic Coat (魔法反射)","Psychic","Status",0,true,0,15,4,"self","The user is unaffected by certain non-damaging moves directed at it and will instead use such moves against the original user. If the move targets both opposing Pokemon and the Pokemon under this effect is on the left side, it will reflect the move targeting both opposing Pokemon and its ally will not be affected by the original move; otherwise, if the Pokemon under this effect is on the right side, its ally will be affected by the original move and this Pokemon will reflect the move only targeting the original user. The effect ends once a move is reflected or at the end of the turn. Moves reflected in this way can be reflected again by another Pokemon under this effect. If the user has the Soundproof Ability, it nullifies sound-based moves before this effect happens. The Lightning Rod Ability redirects Electric moves before this move takes effect.",
"Magical Leaf (魔法叶)","Grass","Special",60,true,60,20,0,"normal","This move does not check accuracy.",
"Magnitude (震级)","Ground","Physical",0,100,0,30,0,"allAdjacent","The power of this move varies. 5% chances for 10 and 150 power, 10% chances for 30 and 110 power, 20% chances for 50 and 90 power, and 30% chance for 70 power. Power doubles if the target is using Dig.",
"Mean Look (黑色目光)","Normal","Status",0,true,0,5,0,"normal","Prevents the target from switching out. The target can still switch out if it uses Baton Pass. If the target leaves the field using Baton Pass, the replacement will remain trapped. The effect ends if the user leaves the field, unless it uses Baton Pass, in which case the target will remain trapped.",
"Meditate (瑜伽姿势)","Psychic","Status",0,true,0,40,0,"self","Raises the user's Attack by 1 stage.",
"Mega Drain (超级吸取)","Grass","Special",40,100,40,10,0,"normal","The user recovers 1/2 the HP lost by the target, rounded down.",
"Mega Kick (百万吨重踢)","Normal","Physical",120,75,90,5,0,"normal","No additional effect.",
"Mega Punch (百万吨重拳)","Normal","Physical",80,85,68,20,0,"normal","No additional effect.",
"Megahorn (超级角击)","Bug","Physical",120,85,102,10,0,"normal","No additional effect.",
"Memento (临别礼物)","Dark","Status",0,true,0,10,0,"normal","Lowers the target's Attack and Special Attack by 2 stages. The user faints. This move does not check accuracy, and can hit targets in the middle of a two-turn move. Fails entirely if the target's Attack and Special Attack stat stages are both -6.",
"Metal Claw (金属爪)","Steel","Physical",50,95,47.5,35,0,"normal","Has a 10% chance to raise the user's Attack by 1 stage.",
"Metal Sound (金属音)","Steel","Status",0,85,0,40,0,"normal","Lowers the target's Special Defense by 2 stages.",
"Meteor Mash (彗星拳)","Steel","Physical",100,85,85,10,0,"normal","Has a 20% chance to raise the user's Attack by 1 stage.",
"Metronome (挥指)","Normal","Status",0,true,0,10,0,"self","A random move is selected for use, other than Counter, Covet, Destiny Bond, Detect, Endure, Focus Punch, Follow Me, Helping Hand, Metronome, Mimic, Mirror Coat, Protect, Sketch, Sleep Talk, Snatch, Struggle, Thief, or Trick.",
"Milk Drink (喝牛奶)","Normal","Status",0,true,0,10,0,"self","The user restores 1/2 of its maximum HP, rounded down.",
"Mimic (模仿)","Normal","Status",0,true,0,10,0,"normal","While the user remains active, this move is replaced by the last move used by the target. The copied move has 5 PP. Fails if the target has not made a move, if the user has Transformed, if the user already knows the move, or if the move is Metronome, Mimic, Sketch, or Struggle.",
"Mind Reader (心之眼)","Normal","Status",0,100,0,5,0,"normal","Until the end of the next turn, the target cannot avoid the user's moves, even if the target is in the middle of a two-turn move. When this effect is started against the target, this and Lock-On's effects end for every other Pokemon against that target. If the target leaves the field using Baton Pass, the replacement remains under this effect. If the user leaves the field using Baton Pass, this effect is restarted against the same target for the replacement. The effect ends if either the user or the target leaves the field.",
"Minimize (变小)","Normal","Status",0,true,0,20,0,"self","Raises the user's evasiveness by 1 stage. Whether or not the user's evasiveness was changed, Astonish, Extrasensory, Needle Arm, and Stomp will have their damage doubled if used against the user while it is active.",
"Mirror Coat (镜面反射)","Psychic","Special",0,100,0,20,-5,"scripted","Deals damage to the last opposing Pokemon to hit the user with a special attack this turn equal to twice the HP lost by the user from that attack. If that opposing Pokemon's position is no longer in use and there is another opposing Pokemon on the field, the damage is done to it instead. This move considers Hidden Power as Normal type, and only the last hit of a multi-hit attack is counted. Fails if the user was not hit by an opposing Pokemon's special attack this turn, or if the user did not lose HP from the attack.",
"Mirror Move (鹦鹉学舌)","Flying","Status",0,true,0,20,0,"self","The user uses the last move that successfully targeted the user. The copied move is used with no specific target. Fails if no move has targeted the user, if the move missed, failed, or had no effect on the user, or if the move cannot be copied by this move.",
"Mist (白雾)","Ice","Status",0,true,0,30,0,"allySide","For 5 turns, the user and its party members are protected from having their stat stages lowered by other Pokemon. Fails if the effect is already active on the user's side.",
"Mist Ball (薄雾球)","Psychic","Special",70,100,70,5,0,"normal","Has a 50% chance to lower the target's Special Attack by 1 stage.",
"Moonlight (月光)","Normal","Status",0,true,0,5,0,"self","The user restores 1/2 of its maximum HP if no weather conditions are in effect, 2/3 of its maximum HP if the weather is Sunny Day, and 1/4 of its maximum HP if the weather is Hail, Rain Dance, or Sandstorm, all rounded down.",
"Morning Sun (晨光)","Normal","Status",0,true,0,5,0,"self","The user restores 1/2 of its maximum HP if no weather conditions are in effect, 2/3 of its maximum HP if the weather is Sunny Day, and 1/4 of its maximum HP if the weather is Hail, Rain Dance, or Sandstorm, all rounded down.",
"Mud Shot (泥巴射击)","Ground","Physical",55,95,52.25,15,0,"normal","Has a 100% chance to lower the target's Speed by 1 stage.",
"Mud Sport (玩泥巴)","Ground","Status",0,true,0,15,0,"all","While the user is active, all Electric-type attacks used by any active Pokemon have their power halved. Fails if this effect is already active for the user. Baton Pass can be used to transfer this effect to an ally.",
"Mud-Slap (掷泥)","Ground","Physical",20,100,20,10,0,"normal","Has a 100% chance to lower the target's accuracy by 1 stage.",
"Muddy Water (浊流)","Water","Special",95,85,80.75,10,0,"allAdjacentFoes","Has a 30% chance to lower the target's accuracy by 1 stage.",
"Nature Power (自然之力)","Normal","Status",0,95,0,20,0,"self","This move calls another move for use depending on the battle terrain. Swift in Wi-Fi battles.",
"Needle Arm (尖刺臂)","Grass","Special",60,100,60,15,0,"normal","Has a 30% chance to make the target flinch. Damage doubles if the target has used Minimize while active.",
"Night Shade (黑夜魔影)","Ghost","Physical",0,100,0,15,0,"normal","Deals damage to the target equal to the user's level.",
"Nightmare (恶梦)","Ghost","Status",0,true,0,15,0,"normal","Causes the target to lose 1/4 of its maximum HP, rounded down, at the end of each turn as long as it is asleep. This move does not affect the target unless it is asleep. The effect ends when the target wakes up, even if it falls asleep again in the same turn.",
"Octazooka (章鱼桶炮)","Water","Special",65,85,55.25,10,0,"normal","Has a 50% chance to lower the target's accuracy by 1 stage.",
"Odor Sleuth (气味侦测)","Normal","Status",0,100,0,40,0,"normal","As long as the target remains active, its evasiveness stat stage is ignored during accuracy checks against it, and Normal- and Fighting-type attacks can hit the target if it is a Ghost type.",
"Outrage (逆鳞)","Dragon","Special",90,100,90,15,0,"randomNormal","The user spends two or three turns locked into this move and becomes confused at the end of the last turn of the effect if it is not already. This move targets an opposing Pokemon at random on each turn. If the user is prevented from moving, falls asleep, becomes frozen, or the attack is not successful against the target, the effect ends without causing confusion. If this move is called by Sleep Talk, the move is used for one turn and does not confuse the user.",
"Overheat (过热)","Fire","Special",140,90,126,5,0,"normal","Lowers the user's Special Attack by 2 stages.",
"Pain Split (分担痛楚)","Normal","Status",0,true,0,20,0,"normal","The user and the target's HP become the average of their current HP, rounded down, but not more than the maximum HP of either one.",
"Pay Day (聚宝功)","Normal","Physical",40,100,40,20,0,"normal","No additional effect.",
"Peck (啄)","Flying","Physical",35,100,35,35,0,"any","No additional effect.",
"Perish Song (终焉之歌)","Normal","Status",0,true,0,5,0,"all","Each active Pokemon receives a perish count of 4 if it doesn't already have a perish count. At the end of each turn including the turn used, the perish count of all active Pokemon lowers by 1 and Pokemon faint if the number reaches 0. The perish count is removed from Pokemon that switch out. If a Pokemon uses Baton Pass while it has a perish count, the replacement will gain the perish count and continue to count down.",
"Petal Dance (花瓣舞)","Grass","Special",70,100,70,20,0,"randomNormal","The user spends two or three turns locked into this move and becomes confused at the end of the last turn of the effect if it is not already. This move targets an opposing Pokemon at random on each turn. If the user is prevented from moving, falls asleep, becomes frozen, or the attack is not successful against the target, the effect ends without causing confusion. If this move is called by Sleep Talk, the move is used for one turn and does not confuse the user.",
"Pin Missile (飞弹针)","Bug","Physical",14,85,11.9,20,0,"normal","Hits two to five times. Has a 3/8 chance to hit two or three times, and a 1/8 chance to hit four or five times. If one of the hits breaks the target's substitute, it will take damage for the remaining hits.",
"Poison Fang (剧毒牙)","Poison","Physical",50,100,50,15,0,"normal","Has a 30% chance to badly poison the target.",
"Poison Gas (毒瓦斯)","Poison","Status",0,55,0,40,0,"normal","Poisons the target.",
"Poison Powder (毒粉)","Poison","Status",0,75,0,35,0,"normal","Poisons the target.",
"Poison Sting (毒针)","Poison","Physical",15,100,15,35,0,"normal","Has a 30% chance to poison the target.",
"Poison Tail (毒尾)","Poison","Physical",50,100,50,25,0,"normal","Has a 10% chance to poison the target and a higher chance for a critical hit.",
"Pound (拍击)","Normal","Physical",40,100,40,35,0,"normal","No additional effect.",
"Powder Snow (细雪)","Ice","Special",40,100,40,25,0,"allAdjacentFoes","Has a 10% chance to freeze the target.",
"Present (礼物)","Normal","Physical",0,90,0,15,0,"normal","If this move is successful, it deals damage or heals the target. 40% chance for 40 power, 30% chance for 80 power, 10% chance for 120 power, and 20% chance to heal the target by 1/4 of its maximum HP, rounded down.",
"Protect (守住)","Normal","Status",0,true,0,10,3,"self","The user is protected from most attacks made by other Pokemon during this turn. This move has an X/65536 chance of being successful, where X starts at 65535 and halves, rounded down, each time this move is successfully used. After the fourth successful use in a row, X drops to 118 and continues with seemingly random values from 0-65535 on subsequent successful uses. X resets to 65535 if this move fails or if the user's last move used is not Detect, Endure, or Protect. Fails if the user moves last this turn.",
"Psybeam (幻象光线)","Psychic","Special",65,100,65,20,0,"normal","Has a 10% chance to confuse the target.",
"Psych Up (自我暗示)","Normal","Status",0,true,0,10,0,"normal","The user copies all of the target's current stat stage changes.",
"Psychic (精神强念)","Psychic","Special",90,100,90,10,0,"normal","Has a 10% chance to lower the target's Special Defense by 1 stage.",
"Psycho Boost (精神突进)","Psychic","Special",140,90,126,5,0,"normal","Lowers the user's Special Attack by 2 stages.",
"Psywave (精神波)","Psychic","Special",0,80,0,15,0,"normal","Deals damage to the target equal to (user's level) * (X * 10 + 50) / 100, where X is a random number from 0 to 10, rounded down, but not less than 1 HP.",
"Pursuit (追打)","Dark","Special",40,100,40,20,0,"normal","If the target is an opposing Pokemon and it switches out this turn, this move hits that Pokemon before it leaves the field. Power doubles and no accuracy check is done if the user hits an opponent switching out, and the user's turn is over; if an opponent faints from this, the replacement Pokemon becomes active immediately.",
"Quick Attack (电光一闪)","Normal","Physical",40,100,40,30,1,"normal","No additional effect.",
"Rage (愤怒)","Normal","Physical",20,100,20,20,0,"normal","Once this move is used and unless the target protected itself, the user's Attack is raised by 1 stage every time it is hit by another Pokemon's attack as long as this move is chosen for use.",
"Rain Dance (求雨)","Water","Status",0,true,0,5,0,"all","For 5 turns, the weather becomes Rain Dance. The damage of Water-type attacks is multiplied by 1.5 and the damage of Fire-type attacks is multiplied by 0.5 during the effect. Fails if the current weather is Rain Dance.",
"Rapid Spin (高速旋转)","Normal","Physical",20,100,20,40,0,"normal","If this move is successful, the effects of Leech Seed and binding moves end for the user, and Spikes are removed from the user's side of the field.",
"Razor Leaf (飞叶快刀)","Grass","Special",55,95,52.25,25,0,"allAdjacentFoes","Has a higher chance for a critical hit.",
"Razor Wind (旋风刀)","Normal","Physical",80,100,80,10,0,"allAdjacentFoes","This attack charges on the first turn and executes on the second.",
"Recover (自我再生)","Normal","Status",0,true,0,20,0,"self","The user restores 1/2 of its maximum HP, rounded down.",
"Recycle (回收利用)","Normal","Status",0,true,0,10,0,"self","The user regains the item last used by a Pokemon in its current position on the field, even if that Pokemon was not the user. Fails if the user is holding an item, if no items have been used at the user's position, or if the item was lost to Covet, Knock Off, or Thief. Items thrown with Fling can be regained.",
"Reflect (反射壁)","Psychic","Status",0,true,0,20,0,"allySide","For 5 turns, the user and its party members take 1/2 damage from physical attacks, or 2/3 damage if there are multiple active Pokemon on the user's side. Critical hits ignore this effect. It is removed from the user's side if the user or an ally is successfully hit by Brick Break. Fails if the effect is already active on the user's side.",
"Refresh (焕然一新)","Normal","Status",0,true,0,20,0,"self","The user cures its burn, poison, or paralysis. Fails if the user is not burned, poisoned, or paralyzed.",
"Rest (睡觉)","Psychic","Status",0,true,0,10,0,"self","The user falls asleep for the next two turns and restores all of its HP, curing itself of any non-volatile status condition in the process. Fails if the user has full HP, is already asleep, or if another effect is preventing sleep.",
"Return (报恩)","Normal","Physical",0,100,0,20,0,"normal","Power is equal to the greater of (user's Happiness * 2/5), rounded down, or 1.",
"Revenge (报复)","Fighting","Physical",60,100,60,10,-4,"normal","Damage doubles if the user was hit by a Pokemon in the target's current position this turn, and that Pokemon was the last to hit the user.",
"Reversal (绝处逢生)","Fighting","Physical",0,100,0,15,0,"normal","The power of this move is 20 if X is 33 to 48, 40 if X is 17 to 32, 80 if X is 10 to 16, 100 if X is 5 to 9, 150 if X is 2 to 4, and 200 if X is 0 or 1, where X is equal to (user's current HP * 48 / user's maximum HP), rounded down.",
"Roar (吼叫)","Normal","Status",0,100,0,20,-6,"normal","The target is forced to switch out and be replaced with a random unfainted ally. Fails if the target is the last unfainted Pokemon in its party, if the target used Ingrain previously or has the Suction Cups Ability, or if the user's level is lower than the target's and X * (user's level + target's level) / 256 + 1 is less than or equal to (target's level / 4), rounded down, where X is a random number from 0 to 255.",
"Rock Blast (岩石爆击)","Rock","Physical",25,80,20,10,0,"normal","Hits two to five times. Has a 3/8 chance to hit two or three times, and a 1/8 chance to hit four or five times. If one of the hits breaks the target's substitute, it will take damage for the remaining hits.",
"Rock Slide (岩崩)","Rock","Physical",75,90,67.5,10,0,"allAdjacentFoes","Has a 30% chance to make the target flinch.",
"Rock Smash (碎岩)","Fighting","Physical",20,100,20,15,0,"normal","Has a 50% chance to lower the target's Defense by 1 stage.",
"Rock Throw (落石)","Rock","Physical",50,90,45,15,0,"normal","No additional effect.",
"Rock Tomb (岩石封锁)","Rock","Physical",50,80,40,10,0,"normal","Has a 100% chance to lower the target's Speed by 1 stage.",
"Role Play (扮演)","Psychic","Status",0,true,0,10,0,"normal","The user's Ability changes to match the target's Ability. Fails if the target's Ability is Wonder Guard.",
"Rolling Kick (回旋踢)","Fighting","Physical",60,85,51,15,0,"normal","Has a 30% chance to make the target flinch.",
"Rollout (滚动)","Rock","Physical",30,90,27,20,0,"normal","If this move is successful, the user is locked into this move and cannot make another move until it misses, 5 turns have passed, or the attack cannot be used. Power doubles with each successful hit of this move and doubles again if Defense Curl was used previously by the user. If this move is called by Sleep Talk, the move is used for one turn.",
"Sacred Fire (神圣之火)","Fire","Special",100,95,95,5,0,"normal","Has a 50% chance to burn the target.",
"Safeguard (神秘守护)","Normal","Status",0,true,0,25,0,"allySide","For 5 turns, the user and its party members cannot have non-volatile status conditions or confusion inflicted on them by other Pokemon. Pokemon on the user's side cannot become affected by Yawn but can fall asleep from its effect. Fails if the effect is already active on the user's side.",
"Sand Attack (泼沙)","Ground","Status",0,100,0,15,0,"normal","Lowers the target's accuracy by 1 stage.",
"Sand Tomb (流沙深渊)","Ground","Physical",15,70,10.5,15,0,"normal","Prevents the target from switching for two to five turns. Causes damage to the target equal to 1/16 of its maximum HP, rounded down, at the end of each turn during effect. The target can still switch out if it uses Baton Pass. The effect ends if either the user or the target leaves the field, or if the target uses Rapid Spin or Substitute successfully. This effect is not stackable or reset by using this or another binding move.",
"Sandstorm (沙暴)","Rock","Status",0,true,0,10,0,"all","For 5 turns, the weather becomes Sandstorm. At the end of each turn except the last, all active Pokemon lose 1/16 of their maximum HP, rounded down, unless they are a Ground, Rock, or Steel type, or have the Sand Veil Ability. Fails if the current weather is Sandstorm.",
"Scary Face (可怕面孔)","Normal","Status",0,90,0,10,0,"normal","Lowers the target's Speed by 2 stages.",
"Scratch (抓)","Normal","Physical",40,100,40,35,0,"normal","No additional effect.",
"Screech (刺耳声)","Normal","Status",0,85,0,40,0,"normal","Lowers the target's Defense by 2 stages.",
"Secret Power (秘密之力)","Normal","Physical",70,100,70,20,0,"normal","Has a 30% chance to cause a secondary effect on the target based on the battle terrain. Causes paralysis on the regular Wi-Fi terrain.",
"Seismic Toss (地球上投)","Fighting","Physical",0,100,0,20,0,"normal","Deals damage to the target equal to the user's level.",
"Self-Destruct (玉石俱碎)","Normal","Physical",200,100,200,5,0,"allAdjacent","The user faints after using this move. The target's Defense is halved during damage calculation. This move is prevented from executing if any active Pokemon has the Damp Ability.",
"Shadow Ball (暗影球)","Ghost","Physical",80,100,80,15,0,"normal","Has a 20% chance to lower the target's Special Defense by 1 stage.",
"Shadow Punch (暗影拳)","Ghost","Physical",60,true,60,20,0,"normal","This move does not check accuracy.",
"Sharpen (棱角化)","Normal","Status",0,true,0,30,0,"self","Raises the user's Attack by 1 stage.",
"Sheer Cold (绝对零度)","Ice","Special",0,30,0,5,0,"normal","Deals damage to the target equal to the target's maximum HP. Ignores accuracy and evasiveness modifiers. This attack's accuracy is equal to (user's level - target's level + 30)%, and fails if the target is at a higher level. Pokemon with the Sturdy Ability are immune.",
"Shock Wave (电击波)","Electric","Special",60,true,60,20,0,"normal","This move does not check accuracy.",
"Signal Beam (信号光束)","Bug","Physical",75,100,75,15,0,"normal","Has a 10% chance to confuse the target.",
"Silver Wind (银色旋风)","Bug","Physical",60,100,60,5,0,"normal","Has a 10% chance to raise the user's Attack, Defense, Special Attack, Special Defense, and Speed by 1 stage.",
"Sing (唱歌)","Normal","Status",0,55,0,15,0,"normal","Causes the target to fall asleep.",
"Sketch (写生)","Normal","Status",0,true,0,1,0,"normal","This move is permanently replaced by the last move used by the target. The copied move has the maximum PP for that move. Fails if the target has not made a move, if the user has Transformed, or if the move is Sketch, Struggle, or any move the user knows.",
"Skill Swap (特性互换)","Psychic","Status",0,true,0,10,0,"normal","The user swaps its Ability with the target's Ability. Fails if either the user or the target's Ability is Wonder Guard.",
"Skull Bash (火箭头锤)","Normal","Physical",100,100,100,15,0,"normal","This attack charges on the first turn and executes on the second. Raises the user's Defense by 1 stage on the first turn.",
"Sky Attack (神鸟猛击)","Flying","Physical",140,90,126,5,0,"any","Has a 30% chance to make the target flinch and a higher chance for a critical hit. This attack charges on the first turn and executes on the second.",
"Sky Uppercut (冲天拳)","Fighting","Physical",85,90,76.5,15,0,"normal","This move can hit a target using Bounce or Fly.",
"Slack Off (偷懒)","Normal","Status",0,true,0,10,0,"self","The user restores 1/2 of its maximum HP, rounded down.",
"Slam (摔打)","Normal","Physical",80,75,60,20,0,"normal","No additional effect.",
"Slash (劈开)","Normal","Physical",70,100,70,20,0,"normal","Has a higher chance for a critical hit.",
"Sleep Powder (催眠粉)","Grass","Status",0,75,0,15,0,"normal","Causes the target to fall asleep.",
"Sleep Talk (梦话)","Normal","Status",0,true,0,10,0,"self","One of the user's known moves, besides this move, is selected for use at random. Fails if the user is not asleep. The selected move does not have PP deducted from it, but if it currently has 0 PP it will fail to be used. This move cannot select Assist, Bide, Focus Punch, Metronome, Mirror Move, Sleep Talk, Uproar, or any two-turn move.",
"Sludge (污泥攻击)","Poison","Physical",65,100,65,20,0,"normal","Has a 30% chance to poison the target.",
"Sludge Bomb (污泥炸弹)","Poison","Physical",90,100,90,10,0,"normal","Has a 30% chance to poison the target.",
"Smelling Salts (清醒)","Normal","Physical",60,100,60,10,0,"normal","Damage doubles if the target is paralyzed. If this move is successful, the target is cured of paralysis.",
"Smog (浊雾)","Poison","Physical",20,70,14,20,0,"normal","Has a 40% chance to poison the target.",
"Smokescreen (烟幕)","Normal","Status",0,100,0,20,0,"normal","Lowers the target's accuracy by 1 stage.",
"Snatch (化为己用)","Dark","Status",0,true,0,10,4,"self","If another Pokemon uses certain non-damaging moves this turn, the user steals that move to use itself. If multiple Pokemon use this move this turn, the applicable moves are stolen by each of those Pokemon in turn order, and only the last user in turn order will gain the effects.",
"Snore (打鼾)","Normal","Physical",40,100,40,15,0,"normal","Has a 30% chance to make the target flinch. Fails if the user is not asleep.",
"Soft-Boiled (生蛋)","Normal","Status",0,true,0,10,0,"self","The user restores 1/2 of its maximum HP, rounded down.",
"Solar Beam (日光束)","Grass","Special",120,100,120,10,0,"normal","This attack charges on the first turn and executes on the second. Damage is halved if the weather is Hail, Rain Dance, or Sandstorm. If the weather is Sunny Day, the move completes in one turn.",
"Sonic Boom (音爆)","Normal","Physical",0,90,0,20,0,"normal","Deals 20 HP of damage to the target.",
"Spark (电光)","Electric","Special",65,100,65,20,0,"normal","Has a 30% chance to paralyze the target.",
"Spider Web (蛛网)","Bug","Status",0,true,0,10,0,"normal","Prevents the target from switching out. The target can still switch out if it uses Baton Pass. If the target leaves the field using Baton Pass, the replacement will remain trapped. The effect ends if the user leaves the field, unless it uses Baton Pass, in which case the target will remain trapped.",
"Spike Cannon (尖刺加农炮)","Normal","Physical",20,100,20,15,0,"normal","Hits two to five times. Has a 3/8 chance to hit two or three times, and a 1/8 chance to hit four or five times. If one of the hits breaks the target's substitute, it will take damage for the remaining hits.",
"Spikes (撒菱)","Ground","Status",0,true,0,20,0,"foeSide","Sets up a hazard on the opposing side of the field, damaging each opposing Pokemon that switches in, unless it is a Flying-type Pokemon or has the Levitate Ability. Can be used up to three times before failing. Opponents lose 1/8 of their maximum HP with one layer, 1/6 of their maximum HP with two layers, and 1/4 of their maximum HP with three layers, all rounded down. Can be removed from the opposing side if any opposing Pokemon uses Rapid Spin successfully.",
"Spit Up (喷出)","Normal","Physical",0,100,0,10,0,"normal","Damage is multiplied by the user's Stockpile count. This move does not apply damage variance and cannot be a critical hit. Fails if the user's Stockpile count is 0. Unless this move misses, the user's Stockpile count resets to 0.",
"Spite (怨恨)","Ghost","Status",0,100,0,10,0,"normal","Causes the target's last move used to lose 2 to 5 PP, at random. Fails if the target has not made a move, if the move has 0 or 1 PP, or if it no longer knows the move.",
"Splash (跃起)","Normal","Status",0,true,0,40,0,"self","No competitive use.",
"Spore (蘑菇孢子)","Grass","Status",0,100,0,15,0,"normal","Causes the target to fall asleep.",
"Steel Wing (钢翼)","Steel","Physical",70,90,63,25,0,"normal","Has a 10% chance to raise the user's Defense by 1 stage.",
"Stockpile (蓄力)","Normal","Status",0,true,0,10,0,"self","The user's Stockpile count increases by 1. Fails if the user's Stockpile count is 3. The user's Stockpile count is reset to 0 when it is no longer active.",
"Stomp (踩踏)","Normal","Physical",65,100,65,20,0,"normal","Has a 30% chance to make the target flinch. Damage doubles if the target has used Minimize while active.",
"Strength (怪力)","Normal","Physical",80,100,80,15,0,"normal","No additional effect.",
"String Shot (吐丝)","Bug","Status",0,95,0,40,0,"allAdjacentFoes","Lowers the target's Speed by 1 stage.",
"Struggle (挣扎)","Normal","Physical",50,100,50,1,0,"randomNormal","Deals typeless damage to a random opposing Pokemon. If this move was successful, the user takes damage equal to 1/4 the HP lost by the target, rounded down, but not less than 1 HP, and the Rock Head Ability does not prevent this. This move is automatically used if none of the user's known moves can be selected.",
"Stun Spore (麻痹粉)","Grass","Status",0,75,0,30,0,"normal","Paralyzes the target. This move does not ignore type immunity.",
"Submission (深渊翻滚)","Fighting","Physical",80,80,64,25,0,"normal","If the target lost HP, the user takes recoil damage equal to 1/4 the HP lost by the target, rounded down, but not less than 1 HP.",
"Substitute (替身)","Normal","Status",0,true,0,10,0,"self","The user takes 1/4 of its maximum HP, rounded down, and puts it into a substitute to take its place in battle. The substitute is removed once enough damage is inflicted on it, or if the user switches out or faints. Baton Pass can be used to transfer the substitute to an ally, and the substitute will keep its remaining HP. Until the substitute is broken, it receives damage from all attacks made by other Pokemon and shields the user from status effects and stat stage changes caused by other Pokemon. The user still takes normal damage from weather and status effects while behind its substitute. If the substitute breaks during a multi-hit attack, the user will take damage from any remaining hits. If a substitute is created while the user is trapped by a binding move, the binding effect ends immediately. Fails if the user does not have enough HP remaining to create a substitute without fainting, or if it already has a substitute.",
"Sunny Day (大晴天)","Fire","Status",0,true,0,5,0,"all","For 5 turns, the weather becomes Sunny Day. The damage of Fire-type attacks is multiplied by 1.5 and the damage of Water-type attacks is multiplied by 0.5 during the effect. Fails if the current weather is Sunny Day.",
"Super Fang (愤怒门牙)","Normal","Physical",0,90,0,10,0,"normal","Deals damage to the target equal to half of its current HP, rounded down, but not less than 1 HP.",
"Superpower (蛮力)","Fighting","Physical",120,100,120,5,0,"normal","Lowers the user's Attack and Defense by 1 stage.",
"Supersonic (超音波)","Normal","Status",0,55,0,20,0,"normal","Causes the target to become confused.",
"Surf (冲浪)","Water","Special",95,100,95,15,0,"allAdjacentFoes","Power doubles if the target is using Dive.",
"Swagger (虚张声势)","Normal","Status",0,90,0,15,0,"normal","Raises the target's Attack by 2 stages and confuses it.",
"Swallow (吞下)","Normal","Status",0,true,0,10,0,"self","The user restores its HP based on its Stockpile count. Restores 1/4 of its maximum HP if it's 1, 1/2 of its maximum HP if it's 2, both rounded half down, and all of its HP if it's 3. Fails if the user's Stockpile count is 0. The user's Stockpile count resets to 0.",
"Sweet Kiss (天使之吻)","Normal","Status",0,75,0,10,0,"normal","Causes the target to become confused.",
"Sweet Scent (甜甜香气)","Normal","Status",0,100,0,20,0,"allAdjacentFoes","Lowers the target's evasiveness by 1 stage.",
"Swift (高速星星)","Normal","Physical",60,true,60,20,0,"allAdjacentFoes","This move does not check accuracy.",
"Swords Dance (剑舞)","Normal","Status",0,true,0,30,0,"self","Raises the user's Attack by 2 stages.",
"Synthesis (光合作用)","Grass","Status",0,true,0,5,0,"self","The user restores 1/2 of its maximum HP if no weather conditions are in effect, 2/3 of its maximum HP if the weather is Sunny Day, and 1/4 of its maximum HP if the weather is Hail, Rain Dance, or Sandstorm, all rounded down.",
"Tackle (撞击)","Normal","Physical",35,95,33.25,35,0,"normal","No additional effect.",
"Tail Glow (萤火)","Bug","Status",0,true,0,20,0,"self","Raises the user's Special Attack by 2 stages.",
"Tail Whip (摇尾巴)","Normal","Status",0,100,0,30,0,"allAdjacentFoes","Lowers the target's Defense by 1 stage.",
"Take Down (猛撞)","Normal","Physical",90,85,76.5,20,0,"normal","If the target lost HP, the user takes recoil damage equal to 1/4 the HP lost by the target, rounded down, but not less than 1 HP.",
"Taunt (挑衅)","Dark","Status",0,100,0,20,0,"normal","For 2 turns, prevents the target from using non-damaging moves.",
"Teeter Dance (摇晃舞)","Normal","Status",0,100,0,20,0,"allAdjacent","Causes the target to become confused.",
"Teleport (瞬间移动)","Psychic","Status",0,true,0,20,0,"self","Fails when used.",
"Thief (小偷)","Dark","Special",40,100,40,10,0,"normal","If this attack was successful and the user has not fainted, it steals the target's held item if the user is not holding one. The target's item is not stolen if it is a Mail or Enigma Berry. Items lost to this move cannot be regained with Recycle.",
"Thrash (大闹一番)","Normal","Physical",90,100,90,20,0,"randomNormal","The user spends two or three turns locked into this move and becomes confused at the end of the last turn of the effect if it is not already. This move targets an opposing Pokemon at random on each turn. If the user is prevented from moving, falls asleep, becomes frozen, or the attack is not successful against the target, the effect ends without causing confusion. If this move is called by Sleep Talk, the move is used for one turn and does not confuse the user.",
"Thunder (打雷)","Electric","Special",120,70,84,10,0,"normal","Has a 30% chance to paralyze the target. This move can hit a target using Bounce or Fly. If the weather is Rain Dance, this move does not check accuracy. If the weather is Sunny Day, this move's accuracy is 50%.",
"Thunder Punch (雷电拳)","Electric","Special",75,100,75,15,0,"normal","Has a 10% chance to paralyze the target.",
"Thunder Shock (电击)","Electric","Special",40,100,40,30,0,"normal","Has a 10% chance to paralyze the target.",
"Thunder Wave (电磁波)","Electric","Status",0,100,0,20,0,"normal","Paralyzes the target. This move does not ignore type immunity.",
"Thunderbolt (十万伏特)","Electric","Special",95,100,95,15,0,"normal","Has a 10% chance to paralyze the target.",
"Tickle (挠痒)","Normal","Status",0,100,0,20,0,"normal","Lowers the target's Attack and Defense by 1 stage.",
"Torment (无理取闹)","Dark","Status",0,100,0,15,0,"normal","Prevents the target from selecting the same move for use two turns in a row. This effect ends when the target is no longer active.",
"Toxic (剧毒)","Poison","Status",0,85,0,10,0,"normal","Badly poisons the target.",
"Transform (变身)","Normal","Status",0,true,0,10,0,"normal","The user transforms into the target. The target's current stats, stat stages, types, moves, Ability, weight, IVs, species, and sprite are copied. The user's level and HP remain the same and each copied move receives only 5 PP. This move fails if the target has transformed.",
"Tri Attack (三重攻击)","Normal","Physical",80,100,80,10,0,"normal","Has a 20% chance to either burn, freeze, or paralyze the target.",
"Trick (戏法)","Psychic","Status",0,100,0,10,0,"normal","The user swaps its held item with the target's held item. Fails if either the user or the target is holding a Mail, if neither is holding an item, if either is under the effect of Knock Off, or if the target has the Sticky Hold Ability.",
"Triple Kick (三连踢)","Fighting","Physical",10,90,9,10,0,"normal","Hits three times. Power increases to 20 for the second hit and 30 for the third. This move checks accuracy for each hit, and the attack ends if the target avoids a hit. If one of the hits breaks the target's substitute, it will take damage for the remaining hits.",
"Twineedle (双针)","Bug","Physical",25,100,25,20,0,"normal","Hits twice, with each hit having a 20% chance to poison the target. If the first hit breaks the target's substitute, it will take damage for the second hit.",
"Twister (龙卷风)","Dragon","Special",40,100,40,20,0,"allAdjacentFoes","Has a 20% chance to make the target flinch. Power doubles if the target is using Bounce or Fly.",
"Uproar (吵闹)","Normal","Physical",50,100,50,10,0,"randomNormal","The user spends two to five turns locked into this move. This move targets an opposing Pokemon at random on each turn. During effect, no active Pokemon can fall asleep by any means, and Pokemon that are already asleep wake up as their turn starts or at the end of each turn, including the last one. If the user is prevented from moving or the attack is not successful against the target during one of the turns, the effect ends.",
"Vine Whip (藤鞭)","Grass","Special",35,100,35,10,0,"normal","No additional effect.",
"Vise Grip (夹住)","Normal","Physical",55,100,55,30,0,"normal","No additional effect.",
"Vital Throw (借力摔)","Fighting","Physical",70,true,70,10,-1,"normal","This move does not check accuracy.",
"Volt Tackle (伏特攻击)","Electric","Special",120,100,120,15,0,"normal","If the target lost HP, the user takes recoil damage equal to 1/3 the HP lost by the target, rounded down, but not less than 1 HP.",
"Water Gun (水枪)","Water","Special",40,100,40,25,0,"normal","No additional effect.",
"Water Pulse (水之波动)","Water","Special",60,100,60,20,0,"any","Has a 20% chance to confuse the target.",
"Water Sport (玩水)","Water","Status",0,true,0,15,0,"all","While the user is active, all Fire-type attacks used by any active Pokemon have their power halved. Fails if this effect is already active for the user. Baton Pass can be used to transfer this effect to an ally.",
"Water Spout (喷水)","Water","Special",150,100,150,5,0,"allAdjacentFoes","Power is equal to (user's current HP * 150 / user's maximum HP), rounded down, but not less than 1.",
"Waterfall (攀瀑)","Water","Special",80,100,80,15,0,"normal","No additional effect.",
"Weather Ball (气象球)","Normal","Physical",50,100,50,10,0,"normal","Damage doubles if a weather condition is active, and this move's type changes to match. Ice type during Hail, Water type during Rain Dance, Rock type during Sandstorm, and Fire type during Sunny Day.",
"Whirlpool (潮旋)","Water","Special",15,70,10.5,15,0,"normal","Prevents the target from switching for two to five turns. Causes damage to the target equal to 1/16 of its maximum HP, rounded down, at the end of each turn during effect. The target can still switch out if it uses Baton Pass. The effect ends if either the user or the target leaves the field, or if the target uses Rapid Spin or Substitute successfully. This effect is not stackable or reset by using this or another binding move.",
"Whirlwind (吹飞)","Normal","Status",0,100,0,20,-6,"normal","The target is forced to switch out and be replaced with a random unfainted ally. Fails if the target is the last unfainted Pokemon in its party, if the target used Ingrain previously or has the Suction Cups Ability, or if the user's level is lower than the target's and X * (user's level + target's level) / 256 + 1 is less than or equal to (target's level / 4), rounded down, where X is a random number from 0 to 255.",
"Will-O-Wisp (磷火)","Fire","Status",0,75,0,15,0,"normal","Burns the target.",
"Wing Attack (翅膀攻击)","Flying","Physical",60,100,60,35,0,"any","No additional effect.",
"Wish (祈愿)","Normal","Status",0,true,0,10,0,"self","At the end of the next turn, the Pokemon at the user's position has 1/2 of its maximum HP restored to it, rounded down. Fails if this move is already in effect for the user's position.",
"Withdraw (缩入壳中)","Water","Status",0,true,0,40,0,"self","Raises the user's Defense by 1 stage.",
"Wrap (紧束)","Normal","Physical",15,85,12.75,20,0,"normal","Prevents the target from switching for two to five turns. Causes damage to the target equal to 1/16 of its maximum HP, rounded down, at the end of each turn during effect. The target can still switch out if it uses Baton Pass. The effect ends if either the user or the target leaves the field, or if the target uses Rapid Spin or Substitute successfully. This effect is not stackable or reset by using this or another binding move.",
"Yawn (哈欠)","Normal","Status",0,true,0,10,0,"normal","Causes the target to fall asleep at the end of the next turn. Fails when used if the target cannot fall asleep or if it already has a non-volatile status condition. At the end of the next turn, if the target is still active, does not have a non-volatile status condition, and can fall asleep, it falls asleep. If the target becomes affected, this effect cannot be prevented by Safeguard or a substitute, or by falling asleep and waking up during the effect.",
"Zap Cannon (电磁炮)","Electric","Special",100,50,50,5,0,"normal","Has a 100% chance to paralyze the target.",
