"Absorb","Grass","Special",20,100,20,20,0,"normal","The user recovers 1/2 the HP lost by the target, rounded down. If the target has a substitute, this move misses.",
"Acid","Poison","Physical",40,100,40,30,0,"allAdjacentFoes","Has a 10% chance to lower the target's Defense by 1 stage.",
"Acid Armor","Poison","Status",0,true,0,40,0,"self","Raises the user's Defense by 2 stages.",
"Aeroblast","Flying","Physical",100,95,95,5,0,"any","Has a higher chance for a critical hit.",
"Agility","Psychic","Status",0,true,0,30,0,"self","Raises the user's Speed by 2 stages.",
"Amnesia","Psychic","Status",0,true,0,20,0,"self","Raises the user's Special Defense by 2 stages.",
"Ancient Power","Rock","Physical",60,100,60,5,0,"normal","Has a 10% chance to raise the user's Attack, Defense, Special Attack, Special Defense, and Speed by 1 stage.",
"Attract","Normal","Status",0,100,0,15,0,"normal","Causes the target to become infatuated, making it unable to attack 50% of the time. Fails if both the user and the target are the same gender, if either is genderless, or if the target is already infatuated. The effect ends when either the user or the target is no longer active.",
"Aurora Beam","Ice","Special",65,100,65,20,0,"normal","Has a 10% chance to lower the target's Attack by 1 stage.",
"Barrage","Normal","Physical",15,85,12.75,20,0,"normal","Hits two to five times. Has a 3/8 chance to hit two or three times, and a 1/8 chance to hit four or five times. If one of the hits breaks the target's substitute, it will take damage for the remaining hits.",
"Barrier","Psychic","Status",0,true,0,30,0,"self","Raises the user's Defense by 2 stages.",
"Baton Pass","Normal","Status",0,true,0,40,0,"self","The user is replaced with another Pokemon in its party. The selected Pokemon has the user's stat stage changes, confusion, and certain move effects transferred to it.",
"Beat Up","Dark","Special",10,100,10,10,0,"normal","Deals typeless damage. Hits one time for each unfainted Pokemon without a non-volatile status condition in the user's party. For each hit, the damage formula uses the participating Pokemon's level, its base Attack as the Attack stat, the target's base Defense as the Defense stat, and ignores stat stages and other effects that modify Attack or Defense. Fails if no party members can participate.",
"Belly Drum","Normal","Status",0,true,0,10,0,"self","The user loses 1/2 of its maximum HP, rounded down, unless the user would faint or its Attack stat stage is 6. If the user did not have enough HP, its Attack is raised by 2 stages. Otherwise, while the user's Attack stat stage is less than 6 it is raised by 2, and if its Attack stat before this step was 999 then the stat stage is lowered by 1 and the loop ends.",
"Bide","Normal","Physical",0,100,0,10,0,"self","The user spends two or three turns locked into this move and then, on the second or third turn after using this move, the user attacks the opponent, inflicting double the damage in HP it lost during those turns. If the user is prevented from moving during this move's use, the effect ends. This move does not ignore type immunity.",
"Bind","Normal","Physical",15,75,11.25,20,0,"normal","Prevents the target from switching for two to five turns. Causes damage to the target equal to 1/16 of its maximum HP, rounded down, at the end of each turn during effect. The target can still switch out if it uses Baton Pass. The effect ends if either the user or the target leaves the field, or if the target uses Rapid Spin or Substitute successfully. This effect is not stackable or reset by using this or another binding move.",
"Bite","Dark","Special",60,100,60,25,0,"normal","Has a 30% chance to make the target flinch.",
"Blizzard","Ice","Special",120,70,84,5,0,"allAdjacentFoes","Has a 10% chance to freeze the target.",
"Body Slam","Normal","Physical",85,100,85,15,0,"normal","Has a 30% chance to paralyze the target.",
"Bone Club","Ground","Physical",65,85,55.25,20,0,"normal","Has a 10% chance to make the target flinch.",
"Bone Rush","Ground","Physical",25,80,20,10,0,"normal","Hits two to five times. Has a 3/8 chance to hit two or three times, and a 1/8 chance to hit four or five times. If one of the hits breaks the target's substitute, it will take damage for the remaining hits.",
"Bonemerang","Ground","Physical",50,90,45,10,0,"normal","Hits twice. If the first hit breaks the target's substitute, it will take damage for the second hit.",
"Bubble","Water","Special",20,100,20,30,0,"allAdjacentFoes","Has a 10% chance to lower the target's Speed by 1 stage.",
"Bubble Beam","Water","Special",65,100,65,20,0,"normal","Has a 10% chance to lower the target's Speed by 1 stage.",
"Charm","Normal","Status",0,100,0,20,0,"normal","Lowers the target's Attack by 2 stages.",
"Clamp","Water","Special",35,75,26.25,10,0,"normal","Prevents the target from switching for two to five turns. Causes damage to the target equal to 1/16 of its maximum HP, rounded down, at the end of each turn during effect. The target can still switch out if it uses Baton Pass. The effect ends if either the user or the target leaves the field, or if the target uses Rapid Spin or Substitute successfully. This effect is not stackable or reset by using this or another binding move.",
"Comet Punch","Normal","Physical",18,85,15.3,15,0,"normal","Hits two to five times. Has a 3/8 chance to hit two or three times, and a 1/8 chance to hit four or five times. If one of the hits breaks the target's substitute, it will take damage for the remaining hits.",
"Confuse Ray","Ghost","Status",0,100,0,10,0,"normal","Causes the target to become confused.",
"Confusion","Psychic","Special",50,100,50,25,0,"normal","Has a 10% chance to confuse the target.",
"Constrict","Normal","Physical",10,100,10,35,0,"normal","Has a 10% chance to lower the target's Speed by 1 stage.",
"Conversion","Normal","Status",0,true,0,30,0,"self","The user's type changes to match the original type of one of its known moves besides Curse, at random, but not either of its current types. Fails if the user cannot change its type, or if this move would only be able to select one of the user's current types.",
"Conversion 2","Normal","Status",0,true,0,30,0,"normal","The user's type changes to match a type that resists or is immune to the type of the last move used by the opposing Pokemon, even if it is one of the user's current types. The original type of the move is used rather than the determined type. Fails if the opposing Pokemon has not used a move.",
"Cotton Spore","Grass","Status",0,85,0,40,0,"normal","Lowers the target's Speed by 2 stages.",
"Counter","Fighting","Physical",0,100,0,20,-1,"scripted","Deals damage to the opposing Pokemon equal to twice the HP lost by the user from a physical attack this turn. This move considers Hidden Power as Normal type, and only the last hit of a multi-hit attack is counted. Fails if the user moves first, if the user was not hit by a physical attack this turn, or if the user did not lose HP from the attack. If the opposing Pokemon used Fissure or Horn Drill and missed, this move deals 65535 damage.",
"Crabhammer","Water","Special",90,85,76.5,10,0,"normal","Has a higher chance for a critical hit.",
"Cross Chop","Fighting","Physical",100,80,80,5,0,"normal","Has a higher chance for a critical hit.",
"Crunch","Dark","Special",80,100,80,15,0,"normal","Has a 20% chance to lower the target's Special Defense by 1 stage.",
"Curse","???","Status",0,true,0,10,0,"normal","If the user is not a Ghost type, lowers the user's Speed by 1 stage and raises the user's Attack and Defense by 1 stage, unless the user's Attack and Defense stats are both at stage 6. If the user is a Ghost type, the user loses 1/2 of its maximum HP, rounded down and even if it would cause fainting, in exchange for the target losing 1/4 of its maximum HP, rounded down, at the end of each turn while it is active. If the target uses Baton Pass, the replacement will continue to be affected. Fails if the target is already affected or has a substitute.",
"Cut","Normal","Physical",50,95,47.5,30,0,"normal","No additional effect.",
"Defense Curl","Normal","Status",0,true,0,40,0,"self","Raises the user's Defense by 1 stage. While the user remains active, the power of the user's Rollout will be doubled (this effect is not stackable). Baton Pass can be used to transfer this effect to an ally.",
"Destiny Bond","Ghost","Status",0,true,0,5,0,"self","Until the user's next turn, if an opposing Pokemon's attack knocks the user out, that Pokemon faints as well.",
"Detect","Fighting","Status",0,true,0,5,2,"self","The user is protected from attacks made by the opponent during this turn. This move has an X/255 chance of being successful, where X starts at 255 and halves, rounded down, each time this move is successfully used. X resets to 255 if this move fails or if the user's last move used is not Detect, Endure, or Protect. Fails if the user has a substitute or moves last this turn.",
"Dig","Ground","Physical",60,100,60,10,0,"normal","This attack charges on the first turn and executes on the second. On the first turn, the user avoids all attacks other than Earthquake, Fissure, and Magnitude, the user is unaffected by weather, and Earthquake and Magnitude have doubled power when used against the user.",
"Disable","Normal","Status",0,55,0,20,0,"normal","For 1 to 7 turns, the target's last move used becomes disabled. Fails if one of the target's moves is already disabled, if the target has not made a move, if the target no longer knows the move, or if the move has 0 PP.",
"Dizzy Punch","Normal","Physical",70,100,70,10,0,"normal","Has a 20% chance to confuse the target.",
"Double Kick","Fighting","Physical",30,100,30,30,0,"normal","Hits twice. If the first hit breaks the target's substitute, it will take damage for the second hit.",
"Double Slap","Normal","Physical",15,85,12.75,10,0,"normal","Hits two to five times. Has a 3/8 chance to hit two or three times, and a 1/8 chance to hit four or five times. If one of the hits breaks the target's substitute, it will take damage for the remaining hits.",
"Double Team","Normal","Status",0,true,0,15,0,"self","Raises the user's evasiveness by 1 stage.",
"Double-Edge","Normal","Physical",120,100,120,15,0,"normal","If the target lost HP, the user takes recoil damage equal to 1/4 the HP lost by the target, rounded down, but not less than 1 HP. If this move hits a substitute, the recoil damage is always 1 HP.",
"Dragon Breath","Dragon","Special",60,100,60,20,0,"normal","Has a 30% chance to paralyze the target.",
"Dragon Rage","Dragon","Special",0,100,0,10,0,"normal","Deals 40 HP of damage to the target.",
"Dream Eater","Psychic","Special",100,100,100,15,0,"normal","The target is unaffected by this move unless it is asleep and does not have a substitute. The user recovers 1/2 the HP lost by the target, rounded down, but not less than 1 HP.",
"Drill Peck","Flying","Physical",80,100,80,20,0,"any","No additional effect.",
"Dynamic Punch","Fighting","Physical",100,50,50,5,0,"normal","Has a 100% chance to confuse the target.",
"Earthquake","Ground","Physical",100,100,100,10,0,"allAdjacent","Power doubles if the target is using Dig.",
"Egg Bomb","Normal","Physical",100,75,75,10,0,"normal","No additional effect.",
"Ember","Fire","Special",40,100,40,25,0,"normal","Has a 10% chance to burn the target.",
"Encore","Normal","Status",0,100,0,5,0,"normal","For 3 to 6 turns, the target is forced to repeat its last move used. If the affected move runs out of PP, the effect ends. Fails if the target is already under this effect, if it has not made a move, if the move has 0 PP, or if the move is Encore, Metronome, Mimic, Mirror Move, Sketch, Sleep Talk, Struggle, or Transform.",
"Endure","Normal","Status",0,true,0,10,2,"self","The user will survive attacks made by the opponent during this turn with at least 1 HP. This move has an X/255 chance of being successful, where X starts at 255 and halves, rounded down, each time this move is successfully used. X resets to 255 if this move fails or if the user's last move used is not Detect, Endure, or Protect. Fails if the user has a substitute or moves last this turn.",
"Explosion","Normal","Physical",250,100,250,5,0,"allAdjacent","The user faints after using this move. The target's Defense is halved during damage calculation.",
"Extreme Speed","Normal","Physical",80,100,80,5,1,"normal","No additional effect.",
"False Swipe","Normal","Physical",40,100,40,40,0,"normal","Leaves the target with at least 1 HP.",
"Feint Attack","Dark","Special",60,true,60,20,0,"normal","This move does not check accuracy.",
"Fire Blast","Fire","Special",120,85,102,5,0,"normal","Has a 10% chance to burn the target.",
"Fire Punch","Fire","Special",75,100,75,15,0,"normal","Has a 10% chance to burn the target.",
"Fire Spin","Fire","Special",15,70,10.5,15,0,"normal","Prevents the target from switching for two to five turns. Causes damage to the target equal to 1/16 of its maximum HP, rounded down, at the end of each turn during effect. The target can still switch out if it uses Baton Pass. The effect ends if either the user or the target leaves the field, or if the target uses Rapid Spin or Substitute successfully. This effect is not stackable or reset by using this or another binding move.",
"Fissure","Ground","Physical",0,30,0,5,0,"normal","Deals 65535 damage to the target. This attack's accuracy out of 256 is equal to the lesser of (2 * (user's level - target's level) + 76) and 255, before applying accuracy and evasiveness modifiers. Fails if the target is at a higher level. Can hit a target using Dig.",
"Flail","Normal","Physical",0,100,0,15,0,"normal","The power of this move is 20 if X is 33 to 48, 40 if X is 17 to 32, 80 if X is 10 to 16, 100 if X is 5 to 9, 150 if X is 2 to 4, and 200 if X is 0 or 1, where X is equal to (user's current HP * 48 / user's maximum HP), rounded down. This move does not apply damage variance and cannot be a critical hit.",
"Flame Wheel","Fire","Special",60,100,60,25,0,"normal","Has a 10% chance to burn the target.",
"Flamethrower","Fire","Special",95,100,95,15,0,"normal","Has a 10% chance to burn the target.",
"Flash","Normal","Status",0,70,0,20,0,"normal","Lowers the target's accuracy by 1 stage.",
"Fly","Flying","Physical",70,95,66.5,15,0,"any","This attack charges on the first turn and executes on the second. On the first turn, the user avoids all attacks other than Gust, Thunder, Twister, and Whirlwind, and Gust and Twister have doubled power when used against it.",
"Focus Energy","Normal","Status",0,true,0,30,0,"self","Raises the user's chance for a critical hit by 1 stage. Fails if the user already has the effect. Baton Pass can be used to transfer this effect to an ally.",
"Foresight","Normal","Status",0,100,0,40,0,"normal","As long as the target remains active, if its evasiveness stat stage is greater than the attacker's accuracy stat stage, both are ignored during accuracy checks, and Normal- and Fighting-type attacks can hit the target if it is a Ghost type. If the target leaves the field using Baton Pass, the replacement will remain under this effect. Fails if the target is already affected.",
"Frustration","Normal","Physical",0,100,0,20,0,"normal","Power is equal to the greater of ((255 - user's Happiness) * 2/5), rounded down, or 1.",
"Fury Attack","Normal","Physical",15,85,12.75,20,0,"normal","Hits two to five times. Has a 3/8 chance to hit two or three times, and a 1/8 chance to hit four or five times. If one of the hits breaks the target's substitute, it will take damage for the remaining hits.",
"Fury Cutter","Bug","Physical",10,95,9.5,20,0,"normal","Power doubles with each successful hit, up to a maximum of 160 power. The power is reset if this move misses or another move is used.",
"Fury Swipes","Normal","Physical",18,80,14.4,15,0,"normal","Hits two to five times. Has a 3/8 chance to hit two or three times, and a 1/8 chance to hit four or five times. If one of the hits breaks the target's substitute, it will take damage for the remaining hits.",
"Future Sight","Psychic","Special",80,90,72,15,0,"normal","Deals typeless damage that cannot be a critical hit two turns after this move is used. Damage is calculated against the target on use, and at the end of the final turn that damage is dealt to the Pokemon at the position the original target had at the time. Fails if this move is already in effect for the target's position.",
"Giga Drain","Grass","Special",60,100,60,5,0,"normal","The user recovers 1/2 the HP lost by the target, rounded down.",
"Glare","Normal","Status",0,75,0,30,0,"normal","Paralyzes the target. This move does not ignore type immunity.",
"Growl","Normal","Status",0,100,0,40,0,"allAdjacentFoes","Lowers the target's Attack by 1 stage.",
"Growth","Normal","Status",0,true,0,40,0,"self","Raises the user's Special Attack by 1 stage.",
"Guillotine","Normal","Physical",0,30,0,5,0,"normal","Deals 65535 damage to the target. This attack's accuracy out of 256 is equal to the lesser of (2 * (user's level - target's level) + 76) and 255, before applying accuracy and evasiveness modifiers. Fails if the target is at a higher level.",
"Gust","Flying","Physical",40,100,40,35,0,"any","Power doubles if the target is using Fly.",
"Harden","Normal","Status",0,true,0,30,0,"self","Raises the user's Defense by 1 stage.",
"Haze","Ice","Status",0,true,0,30,0,"all","Resets the stat stages of all active Pokemon to 0.",
"Headbutt","Normal","Physical",70,100,70,15,0,"normal","Has a 30% chance to make the target flinch.",
"Heal Bell","Normal","Status",0,true,0,5,0,"allyTeam","Every Pokemon in the user's party is cured of its non-volatile status condition.",
"Hidden Power","Normal","Physical",0,100,0,15,0,"normal","This move's type and power depend on the user's individual values (IVs). Power varies between 30 and 70, and type can be any but Normal.",
"High Jump Kick","Fighting","Physical",85,90,76.5,20,0,"normal","If this attack is not successful and the target was not immune, the user loses HP equal to 1/8 the damage the target would have taken, rounded down, but not less than 1 HP, as crash damage.",
"Horn Attack","Normal","Physical",65,100,65,25,0,"normal","No additional effect.",
"Horn Drill","Normal","Physical",0,30,0,5,0,"normal","Deals 65535 damage to the target. This attack's accuracy out of 256 is equal to the lesser of (2 * (user's level - target's level) + 76) and 255, before applying accuracy and evasiveness modifiers. Fails if the target is at a higher level.",
"Hydro Pump","Water","Special",120,80,96,5,0,"normal","No additional effect.",
"Hyper Beam","Normal","Physical",150,90,135,5,0,"normal","If this move is successful, the user must recharge on the following turn and cannot select a move.",
"Hyper Fang","Normal","Physical",80,90,72,15,0,"normal","Has a 10% chance to make the target flinch.",
"Hypnosis","Psychic","Status",0,60,0,20,0,"normal","Causes the target to fall asleep.",
"Ice Beam","Ice","Special",95,100,95,10,0,"normal","Has a 10% chance to freeze the target.",
"Ice Punch","Ice","Special",75,100,75,15,0,"normal","Has a 10% chance to freeze the target.",
"Icy Wind","Ice","Special",55,95,52.25,15,0,"allAdjacentFoes","Has a 100% chance to lower the target's Speed by 1 stage.",
"Iron Tail","Steel","Physical",100,75,75,15,0,"normal","Has a 30% chance to lower the target's Defense by 1 stage.",
"Jump Kick","Fighting","Physical",70,95,66.5,25,0,"normal","If this attack is not successful and the target was not immune, the user loses HP equal to 1/8 the damage the target would have taken, rounded down, but not less than 1 HP, as crash damage.",
"Karate Chop","Fighting","Physical",50,100,50,25,0,"normal","Has a higher chance for a critical hit.",
"Kinesis","Psychic","Status",0,80,0,15,0,"normal","Lowers the target's accuracy by 1 stage.",
"Leech Life","Bug","Physical",20,100,20,15,0,"normal","The user recovers 1/2 the HP lost by the target, rounded down.",
"Leech Seed","Grass","Status",0,90,0,10,0,"normal","The Pokemon at the user's position steals 1/8 of the target's maximum HP, rounded down, at the end of each turn. If the target uses Baton Pass, the replacement will continue being leeched. If the target switches out or uses Rapid Spin, the effect ends. Grass-type Pokemon are immune to this move on use, but not its effect.",
"Leer","Normal","Status",0,100,0,30,0,"allAdjacentFoes","Lowers the target's Defense by 1 stage.",
"Lick","Ghost","Physical",20,100,20,30,0,"normal","Has a 30% chance to paralyze the target.",
"Light Screen","Psychic","Status",0,true,0,30,0,"allySide","For 5 turns, the user and its party members have their Special Defense doubled. Critical hits ignore this effect. Fails if the effect is already active on the user's side.",
"Lock-On","Normal","Status",0,100,0,5,0,"normal","The next accuracy check against the target succeeds. The target will still avoid Earthquake, Fissure, and Magnitude if it is using Fly. If the target leaves the field using Baton Pass, the replacement remains under this effect. This effect ends when the target leaves the field or an accuracy check is done against it.",
"Lovely Kiss","Normal","Status",0,75,0,10,0,"normal","Causes the target to fall asleep.",
"Low Kick","Fighting","Physical",50,90,45,20,0,"normal","Has a 30% chance to make the target flinch.",
"Mach Punch","Fighting","Physical",40,100,40,30,1,"normal","No additional effect.",
"Magnitude","Ground","Physical",0,100,0,30,0,"allAdjacent","The power of this move varies. 5% chances for 10 and 150 power, 10% chances for 30 and 110 power, 20% chances for 50 and 90 power, and 30% chance for 70 power. Power doubles if the target is using Dig.",
"Mean Look","Normal","Status",0,true,0,5,0,"normal","Prevents the target from switching out. The target can still switch out if it uses Baton Pass. If the target leaves the field using Baton Pass, the replacement will remain trapped. The effect ends if the user leaves the field, unless it uses Baton Pass, in which case the target will remain trapped.",
"Meditate","Psychic","Status",0,true,0,40,0,"self","Raises the user's Attack by 1 stage.",
"Mega Drain","Grass","Special",40,100,40,10,0,"normal","The user recovers 1/2 the HP lost by the target, rounded down.",
"Mega Kick","Normal","Physical",120,75,90,5,0,"normal","No additional effect.",
"Mega Punch","Normal","Physical",80,85,68,20,0,"normal","No additional effect.",
"Megahorn","Bug","Physical",120,85,102,10,0,"normal","No additional effect.",
"Metal Claw","Steel","Physical",50,95,47.5,35,0,"normal","Has a 10% chance to raise the user's Attack by 1 stage.",
"Metronome","Normal","Status",0,true,0,10,0,"self","A random move is selected for use, other than Counter, Destiny Bond, Detect, Endure, Metronome, Mimic, Mirror Coat, Protect, Sketch, Sleep Talk, Struggle, Thief, or any move the user already knows.",
"Milk Drink","Normal","Status",0,true,0,10,0,"self","The user restores 1/2 of its maximum HP, rounded down.",
"Mimic","Normal","Status",0,100,0,10,0,"normal","While the user remains active, this move is replaced by the last move used by the target. The copied move has 5 PP. Fails if the target has not made a move, if the user already knows the move, or if the move is Struggle.",
"Mind Reader","Normal","Status",0,100,0,5,0,"normal","The next accuracy check against the target succeeds. The target will still avoid Earthquake, Fissure, and Magnitude if it is using Fly. If the target leaves the field using Baton Pass, the replacement remains under this effect. This effect ends when the target leaves the field or an accuracy check is done against it.",
"Minimize","Normal","Status",0,true,0,20,0,"self","Raises the user's evasiveness by 1 stage. Whether or not the user's evasiveness was changed, Stomp will have its power doubled if used against the user while it is active. Baton Pass can be used to transfer this effect to an ally.",
"Mirror Coat","Psychic","Special",0,100,0,20,-1,"scripted","Deals damage to the opposing Pokemon equal to twice the HP lost by the user from a special attack this turn. This move considers Hidden Power as Normal type, and only the last hit of a multi-hit attack is counted. Fails if the user moves first, if the user was not hit by a special attack this turn, or if the user did not lose HP from the attack.",
"Mirror Move","Flying","Status",0,true,0,20,0,"self","The user uses the last move used by the target. Fails if the target has not made a move since the user switched in, or if the last move used was Metronome, Mimic, Mirror Move, Sketch, Sleep Talk, Transform, or any move the user knows.",
"Mist","Ice","Status",0,true,0,30,0,"self","While the user remains active, it is protected from having its stat stages lowered by other Pokemon. Fails if the user already has the effect. Baton Pass can be used to transfer this effect to an ally.",
"Moonlight","Normal","Status",0,true,0,5,0,"self","The user restores 1/2 of its maximum HP if no weather conditions are in effect, all of its HP if the weather is Sunny Day, and 1/4 of its maximum HP if the weather is Rain Dance or Sandstorm, all rounded down.",
"Morning Sun","Normal","Status",0,true,0,5,0,"self","The user restores 1/2 of its maximum HP if no weather conditions are in effect, all of its HP if the weather is Sunny Day, and 1/4 of its maximum HP if the weather is Rain Dance or Sandstorm, all rounded down.",
"Mud-Slap","Ground","Physical",20,100,20,10,0,"normal","Has a 100% chance to lower the target's accuracy by 1 stage.",
"Night Shade","Ghost","Physical",0,100,0,15,0,"normal","Deals damage to the target equal to the user's level.",
"Nightmare","Ghost","Status",0,true,0,15,0,"normal","Causes the target to lose 1/4 of its maximum HP, rounded down, at the end of each turn as long as it is asleep. This move does not affect the target unless it is asleep. The effect ends when the target wakes up, even if it falls asleep again in the same turn.",
"Octazooka","Water","Special",65,85,55.25,10,0,"normal","Has a 50% chance to lower the target's accuracy by 1 stage.",
"Outrage","Dragon","Special",90,100,90,15,0,"randomNormal","Whether or not this move is successful, the user spends two or three turns locked into this move and becomes confused immediately after its move on the last turn of the effect, even if it is already confused. If the user is prevented from moving, the effect ends without causing confusion. If this move is called by Sleep Talk, the move is used for one turn and does not confuse the user.",
"Pain Split","Normal","Status",0,100,0,20,0,"normal","The user and the target's HP become the average of their current HP, rounded down, but not more than the maximum HP of either one.",
"Pay Day","Normal","Physical",40,100,40,20,0,"normal","No additional effect.",
"Peck","Flying","Physical",35,100,35,35,0,"any","No additional effect.",
"Perish Song","Normal","Status",0,true,0,5,0,"all","Each active Pokemon receives a perish count of 4 if it doesn't already have a perish count. At the end of each turn including the turn used, the perish count of all active Pokemon lowers by 1 and Pokemon faint if the number reaches 0. The perish count is removed from Pokemon that switch out. If a Pokemon uses Baton Pass while it has a perish count, the replacement will gain the perish count and continue to count down.",
"Petal Dance","Grass","Special",70,100,70,20,0,"randomNormal","Whether or not this move is successful, the user spends two or three turns locked into this move and becomes confused immediately after its move on the last turn of the effect, even if it is already confused. If the user is prevented from moving, the effect ends without causing confusion. If this move is called by Sleep Talk, the move is used for one turn and does not confuse the user.",
"Pin Missile","Bug","Physical",14,85,11.9,20,0,"normal","Hits two to five times. Has a 3/8 chance to hit two or three times, and a 1/8 chance to hit four or five times. If one of the hits breaks the target's substitute, it will take damage for the remaining hits.",
"Poison Gas","Poison","Status",0,55,0,40,0,"normal","Poisons the target.",
"Poison Powder","Poison","Status",0,75,0,35,0,"normal","Poisons the target.",
"Poison Sting","Poison","Physical",15,100,15,35,0,"normal","Has a 30% chance to poison the target.",
"Pound","Normal","Physical",40,100,40,35,0,"normal","No additional effect.",
"Powder Snow","Ice","Special",40,100,40,25,0,"allAdjacentFoes","Has a 10% chance to freeze the target.",
"Present","Normal","Physical",0,90,0,15,0,"normal","If this move is successful, it deals damage or heals the target. 102/256 chance for 40 power, 76/256 chance for 80 power, 26/256 chance for 120 power, or 52/256 chance to heal the target by 1/4 of its maximum HP, rounded down. If this move deals damage, it uses an abnormal version of the damage formula by substituting certain values. The user's Attack stat is replaced with 10 times the effectiveness of this move against the target, the target's Defense stat is replaced with the index number of the user's secondary type, and the user's level is replaced with the index number of the target's secondary type. If a Pokemon does not have a secondary type, its primary type is used. The index numbers for each type are Normal: 0, Fighting: 1, Flying: 2, Poison: 3, Ground: 4, Rock: 5, Bug: 7, Ghost: 8, Steel: 9, Fire: 20, Water: 21, Grass: 22, Electric: 23, Psychic: 24, Ice: 25, Dragon: 26, Dark: 27. If at any point a division by 0 would happen in the damage formula, it divides by 1 instead.",
"Protect","Normal","Status",0,true,0,10,2,"self","The user is protected from attacks made by the opponent during this turn. This move has an X/255 chance of being successful, where X starts at 255 and halves, rounded down, each time this move is successfully used. X resets to 255 if this move fails or if the user's last move used is not Detect, Endure, or Protect. Fails if the user has a substitute or moves last this turn.",
"Psybeam","Psychic","Special",65,100,65,20,0,"normal","Has a 10% chance to confuse the target.",
"Psych Up","Normal","Status",0,true,0,10,0,"normal","The user copies all of the target's current stat stage changes. Fails if the target's stat stages are 0.",
"Psychic","Psychic","Special",90,100,90,10,0,"normal","Has a 10% chance to lower the target's Special Defense by 1 stage.",
"Psywave","Psychic","Special",0,80,0,15,0,"normal","Deals damage to the target equal to a random number from 1 to (user's level * 1.5 - 1), rounded down, but not less than 1 HP.",
"Pursuit","Dark","Special",40,100,40,20,0,"normal","If the target switches out this turn, this move hits it before it leaves the field with doubled power and the user's turn is over.",
"Quick Attack","Normal","Physical",40,100,40,30,1,"normal","No additional effect.",
"Rage","Normal","Physical",20,100,20,20,0,"normal","Once this move is successfully used, X starts at 1. This move's damage is multiplied by X, and whenever the user is hit by the opposing Pokemon, X increases by 1, with a maximum of 255. X resets to 1 when the user is no longer active or did not choose this move for use.",
"Rain Dance","Water","Status",0,true,0,5,0,"all","For 5 turns, the weather becomes Rain Dance, even if the current weather is Rain Dance. The damage of Water-type attacks is multiplied by 1.5 and the damage of Fire-type attacks is multiplied by 0.5 during the effect.",
"Rapid Spin","Normal","Physical",20,100,20,40,0,"normal","If this move is successful, the effects of Leech Seed and binding moves end for the user, and Spikes are removed from the user's side of the field.",
"Razor Leaf","Grass","Special",55,95,52.25,25,0,"allAdjacentFoes","Has a higher chance for a critical hit.",
"Razor Wind","Normal","Physical",80,75,60,10,0,"allAdjacentFoes","Has a higher chance for a critical hit. This attack charges on the first turn and executes on the second.",
"Recover","Normal","Status",0,true,0,20,0,"self","The user restores 1/2 of its maximum HP, rounded down.",
"Reflect","Psychic","Status",0,true,0,20,0,"allySide","For 5 turns, the user and its party members have their Defense doubled. Critical hits ignore this effect. Fails if the effect is already active on the user's side.",
"Rest","Psychic","Status",0,true,0,10,0,"self","The user falls asleep for the next two turns and restores all of its HP, curing itself of any non-volatile status condition in the process, even if it was already asleep. Fails if the user has full HP.",
"Return","Normal","Physical",0,100,0,20,0,"normal","Power is equal to the greater of (user's Happiness * 2/5), rounded down, or 1.",
"Reversal","Fighting","Physical",0,100,0,15,0,"normal","The power of this move is 20 if X is 33 to 48, 40 if X is 17 to 32, 80 if X is 10 to 16, 100 if X is 5 to 9, 150 if X is 2 to 4, and 200 if X is 0 or 1, where X is equal to (user's current HP * 48 / user's maximum HP), rounded down. This move does not apply damage variance and cannot be a critical hit.",
"Roar","Normal","Status",0,100,0,20,-1,"normal","The target is forced to switch out and be replaced with a random unfainted ally. Fails if the target is the last unfainted Pokemon in its party, or if the user moves before the target.",
"Rock Slide","Rock","Physical",75,90,67.5,10,0,"allAdjacentFoes","Has a 30% chance to make the target flinch.",
"Rock Smash","Fighting","Physical",20,100,20,15,0,"normal","Has a 50% chance to lower the target's Defense by 1 stage.",
"Rock Throw","Rock","Physical",50,90,45,15,0,"normal","No additional effect.",
"Rolling Kick","Fighting","Physical",60,85,51,15,0,"normal","Has a 30% chance to make the target flinch.",
"Rollout","Rock","Physical",30,90,27,20,0,"normal","If this move is successful, the user is locked into this move and cannot make another move until it misses, 5 turns have passed, or the attack cannot be used. Power doubles with each successful hit of this move and doubles again if Defense Curl was used previously by the user. If this move is called by Sleep Talk, the move is used for one turn.",
"Sacred Fire","Fire","Special",100,95,95,5,0,"normal","Has a 50% chance to burn the target.",
"Safeguard","Normal","Status",0,true,0,25,0,"allySide","For 5 turns, the user and its party members cannot have non-volatile status conditions or confusion inflicted on them by other Pokemon. During the effect, Outrage, Thrash, and Petal Dance do not confuse the user. Fails if the effect is already active on the user's side.",
"Sand Attack","Ground","Status",0,100,0,15,0,"normal","Lowers the target's accuracy by 1 stage.",
"Sandstorm","Rock","Status",0,true,0,10,0,"all","For 5 turns, the weather becomes Sandstorm. At the end of each turn except the last, all active Pokemon lose 1/8 of their maximum HP, rounded down, unless they are a Ground, Rock, or Steel type. Fails if the current weather is Sandstorm.",
"Scary Face","Normal","Status",0,90,0,10,0,"normal","Lowers the target's Speed by 2 stages.",
"Scratch","Normal","Physical",40,100,40,35,0,"normal","No additional effect.",
"Screech","Normal","Status",0,85,0,40,0,"normal","Lowers the target's Defense by 2 stages.",
"Seismic Toss","Fighting","Physical",0,100,0,20,0,"normal","Deals damage to the target equal to the user's level.",
"Self-Destruct","Normal","Physical",200,100,200,5,0,"allAdjacent","The user faints after using this move. The target's Defense is halved during damage calculation.",
"Shadow Ball","Ghost","Physical",80,100,80,15,0,"normal","Has a 20% chance to lower the target's Special Defense by 1 stage.",
"Sharpen","Normal","Status",0,true,0,30,0,"self","Raises the user's Attack by 1 stage.",
"Sing","Normal","Status",0,55,0,15,0,"normal","Causes the target to fall asleep.",
"Sketch","Normal","Status",0,true,0,1,0,"normal","Fails when used in Link Battles.",
"Skull Bash","Normal","Physical",100,100,100,15,0,"normal","This attack charges on the first turn and executes on the second. Raises the user's Defense by 1 stage on the first turn.",
"Sky Attack","Flying","Physical",140,90,126,5,0,"any","This attack charges on the first turn and executes on the second.",
"Slam","Normal","Physical",80,75,60,20,0,"normal","No additional effect.",
"Slash","Normal","Physical",70,100,70,20,0,"normal","Has a higher chance for a critical hit.",
"Sleep Powder","Grass","Status",0,75,0,15,0,"normal","Causes the target to fall asleep.",
"Sleep Talk","Normal","Status",0,true,0,10,0,"self","One of the user's known moves, besides this move, is selected for use at random. Fails if the user is not asleep. The selected move does not have PP deducted from it, and can currently have 0 PP. This move cannot select Bide, Sleep Talk, or any two-turn move.",
"Sludge","Poison","Physical",65,100,65,20,0,"normal","Has a 30% chance to poison the target.",
"Sludge Bomb","Poison","Physical",90,100,90,10,0,"normal","Has a 30% chance to poison the target.",
"Smog","Poison","Physical",20,70,14,20,0,"normal","Has a 40% chance to poison the target.",
"Smokescreen","Normal","Status",0,100,0,20,0,"normal","Lowers the target's accuracy by 1 stage.",
"Snore","Normal","Physical",40,100,40,15,0,"normal","Has a 30% chance to make the target flinch. Fails if the user is not asleep.",
"Soft-Boiled","Normal","Status",0,true,0,10,0,"self","The user restores 1/2 of its maximum HP, rounded down.",
"Solar Beam","Grass","Special",120,100,120,10,0,"normal","This attack charges on the first turn and executes on the second. Damage is halved if the weather is Rain Dance. If the weather is Sunny Day, the move completes in one turn.",
"Sonic Boom","Normal","Physical",0,90,0,20,0,"normal","Deals 20 HP of damage to the target.",
"Spark","Electric","Special",65,100,65,20,0,"normal","Has a 30% chance to paralyze the target.",
"Spider Web","Bug","Status",0,true,0,10,0,"normal","Prevents the target from switching out. The target can still switch out if it uses Baton Pass. If the target leaves the field using Baton Pass, the replacement will remain trapped. The effect ends if the user leaves the field, unless it uses Baton Pass, in which case the target will remain trapped.",
"Spike Cannon","Normal","Physical",20,100,20,15,0,"normal","Hits two to five times. Has a 3/8 chance to hit two or three times, and a 1/8 chance to hit four or five times. If one of the hits breaks the target's substitute, it will take damage for the remaining hits.",
"Spikes","Ground","Status",0,true,0,20,0,"foeSide","Sets up a hazard on the opposing side of the field, causing each opposing Pokemon that switches in to lose 1/8 of their maximum HP, rounded down, unless it is a Flying-type Pokemon. Fails if the effect is already active on the opposing side. Can be removed from the opposing side if any opposing Pokemon uses Rapid Spin successfully.",
"Spite","Ghost","Status",0,100,0,10,0,"normal","Causes the target's last move used to lose 2 to 5 PP, at random. Fails if the target has not made a move, or if the move has 0 PP.",
"Splash","Normal","Status",0,true,0,40,0,"self","No competitive use.",
"Spore","Grass","Status",0,100,0,15,0,"normal","Causes the target to fall asleep.",
"Steel Wing","Steel","Physical",70,90,63,25,0,"normal","Has a 10% chance to raise the user's Defense by 1 stage.",
"Stomp","Normal","Physical",65,100,65,20,0,"normal","Has a 30% chance to make the target flinch. Power doubles if the target is under the effect of Minimize.",
"Strength","Normal","Physical",80,100,80,15,0,"normal","No additional effect.",
"String Shot","Bug","Status",0,95,0,40,0,"allAdjacentFoes","Lowers the target's Speed by 1 stage.",
"Struggle","Normal","Physical",50,100,50,1,0,"randomNormal","Deals typeless damage. If this move was successful, the user takes damage equal to 1/4 the HP lost by the target, rounded down, but not less than 1 HP. This move is automatically used if none of the user's known moves can be selected.",
"Stun Spore","Grass","Status",0,75,0,30,0,"normal","Paralyzes the target. This move does not ignore type immunity.",
"Submission","Fighting","Physical",80,80,64,25,0,"normal","If the target lost HP, the user takes recoil damage equal to 1/4 the HP lost by the target, rounded half up, but not less than 1 HP. If this move hits a substitute, the recoil damage is always 1 HP.",
"Substitute","Normal","Status",0,true,0,10,0,"self","The user takes 1/4 of its maximum HP, rounded down, and puts it into a substitute to take its place in battle. The substitute is removed once enough damage is inflicted on it, or if the user switches out or faints. Baton Pass can be used to transfer the substitute to an ally, and the substitute will keep its remaining HP. Until the substitute is broken, it receives damage from all attacks made by other Pokemon and shields the user from status effects and stat stage changes caused by other Pokemon. The user still takes normal damage from weather and status effects while behind its substitute. If the substitute breaks during a multi-hit attack, the user will take damage from any remaining hits. If a substitute is created while the user is trapped by a binding move, the binding effect ends immediately. Fails if the user does not have enough HP remaining to create a substitute without fainting, or if it already has a substitute.",
"Sunny Day","Fire","Status",0,true,0,5,0,"all","For 5 turns, the weather becomes Sunny Day, even if the current weather is Sunny Day. The damage of Fire-type attacks is multiplied by 1.5 and the damage of Water-type attacks is multiplied by 0.5 during the effect.",
"Super Fang","Normal","Physical",0,90,0,10,0,"normal","Deals damage to the target equal to half of its current HP, rounded down, but not less than 1 HP.",
"Supersonic","Normal","Status",0,55,0,20,0,"normal","Causes the target to become confused.",
"Surf","Water","Special",95,100,95,15,0,"allAdjacentFoes","No additional effect.",
"Swagger","Normal","Status",0,90,0,15,0,"normal","Raises the target's Attack by 2 stages and confuses it. This move will miss if the target's Attack cannot be raised.",
"Sweet Kiss","Normal","Status",0,75,0,10,0,"normal","Causes the target to become confused.",
"Sweet Scent","Normal","Status",0,100,0,20,0,"allAdjacentFoes","Lowers the target's evasiveness by 1 stage.",
"Swift","Normal","Physical",60,true,60,20,0,"allAdjacentFoes","This move does not check accuracy.",
"Swords Dance","Normal","Status",0,true,0,30,0,"self","Raises the user's Attack by 2 stages.",
"Synthesis","Grass","Status",0,true,0,5,0,"self","The user restores 1/2 of its maximum HP if no weather conditions are in effect, all of its HP if the weather is Sunny Day, and 1/4 of its maximum HP if the weather is Rain Dance or Sandstorm, all rounded down.",
"Tackle","Normal","Physical",35,95,33.25,35,0,"normal","No additional effect.",
"Tail Whip","Normal","Status",0,100,0,30,0,"allAdjacentFoes","Lowers the target's Defense by 1 stage.",
"Take Down","Normal","Physical",90,85,76.5,20,0,"normal","If the target lost HP, the user takes recoil damage equal to 1/4 the HP lost by the target, rounded half up, but not less than 1 HP. If this move hits a substitute, the recoil damage is always 1 HP.",
"Teleport","Psychic","Status",0,true,0,20,0,"self","Fails when used.",
"Thief","Dark","Special",40,100,40,10,0,"normal","Has a 100% chance to steal the target's held item if the user is not holding one. The target's item is not stolen if it is a Mail.",
"Thrash","Normal","Physical",90,100,90,20,0,"randomNormal","Whether or not this move is successful, the user spends two or three turns locked into this move and becomes confused immediately after its move on the last turn of the effect, even if it is already confused. If the user is prevented from moving, the effect ends without causing confusion. If this move is called by Sleep Talk, the move is used for one turn and does not confuse the user.",
"Thunder","Electric","Special",120,70,84,10,0,"normal","Has a 30% chance to paralyze the target. This move can hit a target using Fly. If the weather is Rain Dance, this move does not check accuracy. If the weather is Sunny Day, this move's accuracy is 50%.",
"Thunder Punch","Electric","Special",75,100,75,15,0,"normal","Has a 10% chance to paralyze the target.",
"Thunder Shock","Electric","Special",40,100,40,30,0,"normal","Has a 10% chance to paralyze the target.",
"Thunder Wave","Electric","Status",0,100,0,20,0,"normal","Paralyzes the target. This move does not ignore type immunity.",
"Thunderbolt","Electric","Special",95,100,95,15,0,"normal","Has a 10% chance to paralyze the target.",
"Toxic","Poison","Status",0,85,0,10,0,"normal","Badly poisons the target.",
"Transform","Normal","Status",0,true,0,10,0,"normal","The user transforms into the target. The target's current stats, stat stages, types, moves, DVs, species, and sprite are copied. The user's level and HP remain the same and each copied move receives only 5 PP. This move fails if the target has transformed.",
"Tri Attack","Normal","Physical",80,100,80,10,0,"normal","This move selects burn, freeze, or paralysis at random, and has a 20% chance to inflict the target with that status. If the target is frozen and burn was selected, it thaws out.",
"Triple Kick","Fighting","Physical",10,90,9,10,0,"normal","Hits one to three times, at random. Power increases to 20 for the second hit and 30 for the third.",
"Twineedle","Bug","Physical",25,100,25,20,0,"normal","Hits twice, with the second hit having a 20% chance to poison the target. If the first hit breaks the target's substitute, it will take damage for the second hit but the target cannot be poisoned by it.",
"Twister","Dragon","Special",40,100,40,20,0,"allAdjacentFoes","Has a 20% chance to make the target flinch. Power doubles if the target is using Fly.",
"Vine Whip","Grass","Special",35,100,35,10,0,"normal","No additional effect.",
"Vise Grip","Normal","Physical",55,100,55,30,0,"normal","No additional effect.",
"Vital Throw","Fighting","Physical",70,true,70,10,-1,"normal","This move does not check accuracy.",
"Water Gun","Water","Special",40,100,40,25,0,"normal","No additional effect.",
"Waterfall","Water","Special",80,100,80,15,0,"normal","No additional effect.",
"Whirlpool","Water","Special",15,70,10.5,15,0,"normal","Prevents the target from switching for two to five turns. Causes damage to the target equal to 1/16 of its maximum HP, rounded down, at the end of each turn during effect. The target can still switch out if it uses Baton Pass. The effect ends if either the user or the target leaves the field, or if the target uses Rapid Spin or Substitute successfully. This effect is not stackable or reset by using this or another binding move.",
"Whirlwind","Normal","Status",0,100,0,20,-1,"normal","The target is forced to switch out and be replaced with a random unfainted ally. Fails if the target is the last unfainted Pokemon in its party, or if the user moves before the target.",
"Wing Attack","Flying","Physical",60,100,60,35,0,"any","No additional effect.",
"Withdraw","Water","Status",0,true,0,40,0,"self","Raises the user's Defense by 1 stage.",
"Wrap","Normal","Physical",15,85,12.75,20,0,"normal","Prevents the target from switching for two to five turns. Causes damage to the target equal to 1/16 of its maximum HP, rounded down, at the end of each turn during effect. The target can still switch out if it uses Baton Pass. The effect ends if either the user or the target leaves the field, or if the target uses Rapid Spin or Substitute successfully. This effect is not stackable or reset by using this or another binding move.",
"Zap Cannon","Electric","Special",100,50,50,5,0,"normal","Has a 100% chance to paralyze the target.",
