"Absorb","Grass","Special",20,100,25,0,"normal","The user recovers 1/2 the HP lost by the target, rounded down. If Big Root is held by the user, the HP recovered is 1.3x normal, rounded down.",
"Acid","Poison","Special",40,100,30,0,"allAdjacentFoes","Has a 10% chance to lower the target's Special Defense by 1 stage.",
"Acid Armor","Poison","Status",0,true,40,0,"self","Raises the user's Defense by 2 stages.",
"Acupressure","Normal","Status",0,true,30,0,"adjacentAllyOrSelf","Raises a random stat by 2 stages as long as the stat is not already at stage 6. The user can choose to use this move on itself or an ally. Fails if no stat stage can be raised or if the user or ally has a substitute.",
"Aerial Ace","Flying","Physical",60,true,20,0,"any","This move does not check accuracy.",
"Aeroblast","Flying","Special",100,95,5,0,"any","Has a higher chance for a critical hit.",
"Agility","Psychic","Status",0,true,30,0,"self","Raises the user's Speed by 2 stages.",
"Air Cutter","Flying","Special",55,95,25,0,"allAdjacentFoes","Has a higher chance for a critical hit.",
"Air Slash","Flying","Special",75,95,20,0,"any","Has a 30% chance to make the target flinch.",
"Amnesia","Psychic","Status",0,true,20,0,"self","Raises the user's Special Defense by 2 stages.",
"Ancient Power","Rock","Special",60,100,5,0,"normal","Has a 10% chance to raise the user's Attack, Defense, Special Attack, Special Defense, and Speed by 1 stage.",
"Aqua Jet","Water","Physical",40,100,20,1,"normal","No additional effect.",
"Aqua Ring","Water","Status",0,true,20,0,"self","The user has 1/16 of its maximum HP, rounded down, restored at the end of each turn while it remains active. If Big Root is held by the user, the HP recovered is 1.3x normal, rounded half down. If the user uses Baton Pass, the replacement will receive the healing effect.",
"Aqua Tail","Water","Physical",90,90,10,0,"normal","No additional effect.",
"Arm Thrust","Fighting","Physical",15,100,20,0,"normal","Hits two to five times. Has a 3/8 chance to hit two or three times, and a 1/8 chance to hit four or five times. If one of the hits breaks the target's substitute, it will take damage for the remaining hits. If the user has the Skill Link Ability, this move will always hit five times. If the target has a Focus Sash and had full HP when this move started, it will not be knocked out regardless of the number of hits.",
"Aromatherapy","Grass","Status",0,true,5,0,"allyTeam","Every Pokemon in the user's party is cured of its non-volatile status condition.",
"Assist","Normal","Status",0,true,20,0,"self","A random move among those known by the user's party members is selected for use. Does not select Assist, Chatter, Copycat, Counter, Covet, Destiny Bond, Detect, Endure, Feint, Focus Punch, Follow Me, Helping Hand, Me First, Metronome, Mimic, Mirror Coat, Mirror Move, Protect, Sketch, Sleep Talk, Snatch, Struggle, Switcheroo, Thief, or Trick.",
"Assurance","Dark","Physical",50,100,10,0,"normal","Power doubles if the target has already taken damage this turn.",
"Astonish","Ghost","Physical",30,100,15,0,"normal","Has a 30% chance to make the target flinch.",
"Attack Order","Bug","Physical",90,100,15,0,"normal","Has a higher chance for a critical hit.",
"Attract","Normal","Status",0,100,15,0,"normal","Causes the target to become infatuated, making it unable to attack 50% of the time. Fails if both the user and the target are the same gender, if either is genderless, or if the target is already infatuated. The effect ends when either the user or the target is no longer active. Pokemon with the Oblivious Ability are immune.",
"Aura Sphere","Fighting","Special",90,true,20,0,"any","This move does not check accuracy.",
"Aurora Beam","Ice","Special",65,100,20,0,"normal","Has a 10% chance to lower the target's Attack by 1 stage.",
"Avalanche","Ice","Physical",60,100,10,-4,"normal","Power doubles if the user was hit by a Pokemon in the target's position this turn.",
"Barrage","Normal","Physical",15,85,20,0,"normal","Hits two to five times. Has a 3/8 chance to hit two or three times, and a 1/8 chance to hit four or five times. If one of the hits breaks the target's substitute, it will take damage for the remaining hits. If the user has the Skill Link Ability, this move will always hit five times. If the target has a Focus Sash and had full HP when this move started, it will not be knocked out regardless of the number of hits.",
"Barrier","Psychic","Status",0,true,30,0,"self","Raises the user's Defense by 2 stages.",
"Baton Pass","Normal","Status",0,true,40,0,"self","The user is replaced with another Pokemon in its party. The selected Pokemon has the user's stat stage changes, confusion, and certain move effects transferred to it.",
"Beat Up","Dark","Physical",10,100,10,0,"normal","Deals typeless damage. Hits one time for the user and one time for each unfainted Pokemon without a non-volatile status condition in the user's party. For each hit, the damage formula uses the participating Pokemon's base Attack as the Attack stat, the target's base Defense as the Defense stat, and ignores stat stages and other effects that modify Attack or Defense; each hit is considered to come from the user.",
"Belly Drum","Normal","Status",0,true,10,0,"self","Raises the user's Attack by 12 stages in exchange for the user losing 1/2 of its maximum HP, rounded down. Fails if the user would faint or if its Attack stat stage is 6.",
"Bide","Normal","Physical",0,true,10,1,"self","The user spends two turns locked into this move and then, on the second turn after using this move, the user attacks the last Pokemon that hit it, inflicting double the damage in HP it lost to attacks during the two turns. If the last Pokemon that hit it is no longer active, the user attacks a random opposing Pokemon instead. If the user is prevented from moving during this move's use, the effect ends. This move does not check accuracy and ignores type immunity.",
"Bind","Normal","Physical",15,75,20,0,"normal","Prevents the target from switching for two to five turns (always five turns if the user is holding Grip Claw). Causes damage to the target equal to 1/16 of its maximum HP, rounded down, at the end of each turn during effect. The target can still switch out if it is holding Shed Shell or uses Baton Pass or U-turn. The effect ends if either the user or the target leaves the field, or if the target uses Rapid Spin or Substitute successfully. This effect is not stackable or reset by using this or another binding move.",
"Bite","Dark","Physical",60,100,25,0,"normal","Has a 30% chance to make the target flinch.",
"Blast Burn","Fire","Special",150,90,5,0,"normal","If this move is successful, the user must recharge on the following turn and cannot select a move.",
"Blaze Kick","Fire","Physical",85,90,10,0,"normal","Has a 10% chance to burn the target and a higher chance for a critical hit.",
"Blizzard","Ice","Special",120,70,5,0,"allAdjacentFoes","Has a 10% chance to freeze the target. If the weather is Hail, this move does not check accuracy.",
"Block","Normal","Status",0,true,5,0,"normal","Prevents the target from switching out. The target can still switch out if it is holding Shed Shell or uses Baton Pass or U-turn. If the target leaves the field using Baton Pass, the replacement will remain trapped. The effect ends if the user leaves the field, unless it uses Baton Pass, in which case the target will remain trapped.",
"Body Slam","Normal","Physical",85,100,15,0,"normal","Has a 30% chance to paralyze the target.",
"Bone Club","Ground","Physical",65,85,20,0,"normal","Has a 10% chance to make the target flinch.",
"Bone Rush","Ground","Physical",25,80,10,0,"normal","Hits two to five times. Has a 3/8 chance to hit two or three times, and a 1/8 chance to hit four or five times. If one of the hits breaks the target's substitute, it will take damage for the remaining hits. If the user has the Skill Link Ability, this move will always hit five times. If the target has a Focus Sash and had full HP when this move started, it will not be knocked out regardless of the number of hits.",
"Bonemerang","Ground","Physical",50,90,10,0,"normal","Hits twice. If the first hit breaks the target's substitute, it will take damage for the second hit. If the target has a Focus Sash and had full HP when this move started, it will not be knocked out regardless of the number of hits.",
"Bounce","Flying","Physical",85,85,5,0,"any","Has a 30% chance to paralyze the target. This attack charges on the first turn and executes on the second. On the first turn, the user avoids all attacks other than Gust, Sky Uppercut, Thunder, and Twister, and Gust and Twister have doubled power when used against it. If the user is holding a Power Herb, the move completes in one turn.",
"Brave Bird","Flying","Physical",120,100,15,0,"any","If the target lost HP, the user takes recoil damage equal to 1/3 the HP lost by the target, rounded down, but not less than 1 HP.",
"Brick Break","Fighting","Physical",75,100,15,0,"normal","If this attack does not miss and whether or not the target is immune, the effects of Reflect and Light Screen end for the target's side of the field before damage is calculated.",
"Brine","Water","Special",65,100,10,0,"normal","Power doubles if the target has less than or equal to half of its maximum HP remaining.",
"Bubble","Water","Special",20,100,30,0,"allAdjacentFoes","Has a 10% chance to lower the target's Speed by 1 stage.",
"Bubble Beam","Water","Special",65,100,20,0,"normal","Has a 10% chance to lower the target's Speed by 1 stage.",
"Bug Bite","Bug","Physical",60,100,20,0,"normal","The user steals the target's held Berry if it is holding one and eats it immediately, gaining its effects unless the user's item is being ignored. Items lost to this move can be regained with Recycle.",
"Bug Buzz","Bug","Special",90,100,10,0,"normal","Has a 10% chance to lower the target's Special Defense by 1 stage.",
"Bulk Up","Fighting","Status",0,true,20,0,"self","Raises the user's Attack and Defense by 1 stage.",
"Bullet Punch","Steel","Physical",40,100,30,1,"normal","No additional effect.",
"Bullet Seed","Grass","Physical",10,100,30,0,"normal","Hits two to five times. Has a 3/8 chance to hit two or three times, and a 1/8 chance to hit four or five times. If one of the hits breaks the target's substitute, it will take damage for the remaining hits. If the user has the Skill Link Ability, this move will always hit five times. If the target has a Focus Sash and had full HP when this move started, it will not be knocked out regardless of the number of hits.",
"Calm Mind","Psychic","Status",0,true,20,0,"self","Raises the user's Special Attack and Special Defense by 1 stage.",
"Camouflage","Normal","Status",0,true,20,0,"self","The user's type changes based on the battle terrain. Normal type on the regular Wi-Fi terrain. Fails if the user has the Multitype Ability or if the type is one of the user's current types.",
"Captivate","Normal","Status",0,100,20,0,"allAdjacentFoes","Lowers the target's Special Attack by 2 stages. The target is unaffected if both the user and the target are the same gender, or if either is genderless. Pokemon with the Oblivious Ability are immune.",
"Charge","Electric","Status",0,true,20,0,"self","Raises the user's Special Defense by 1 stage. If the user uses an Electric-type attack on the next turn, its power will be doubled.",
"Charge Beam","Electric","Special",50,90,10,0,"normal","Has a 70% chance to raise the user's Special Attack by 1 stage.",
"Charm","Normal","Status",0,100,20,0,"normal","Lowers the target's Attack by 2 stages.",
"Chatter","Flying","Special",60,100,20,0,"any","Has an X% chance to confuse the target, where X is 0 unless the user is a Chatot that hasn't Transformed. If the user is a Chatot, X is 1, 11, or 31 depending on the volume of Chatot's recorded cry, if any; 1 for no recording or low volume, 11 for medium volume, and 31 for high volume.",
"Clamp","Water","Physical",35,75,10,0,"normal","Prevents the target from switching for two to five turns (always five turns if the user is holding Grip Claw). Causes damage to the target equal to 1/16 of its maximum HP, rounded down, at the end of each turn during effect. The target can still switch out if it is holding Shed Shell or uses Baton Pass or U-turn. The effect ends if either the user or the target leaves the field, or if the target uses Rapid Spin or Substitute successfully. This effect is not stackable or reset by using this or another binding move.",
"Close Combat","Fighting","Physical",120,100,5,0,"normal","Lowers the user's Defense and Special Defense by 1 stage.",
"Comet Punch","Normal","Physical",18,85,15,0,"normal","Hits two to five times. Has a 3/8 chance to hit two or three times, and a 1/8 chance to hit four or five times. If one of the hits breaks the target's substitute, it will take damage for the remaining hits. If the user has the Skill Link Ability, this move will always hit five times. If the target has a Focus Sash and had full HP when this move started, it will not be knocked out regardless of the number of hits.",
"Confuse Ray","Ghost","Status",0,100,10,0,"normal","Causes the target to become confused.",
"Confusion","Psychic","Special",50,100,25,0,"normal","Has a 10% chance to confuse the target.",
"Constrict","Normal","Physical",10,100,35,0,"normal","Has a 10% chance to lower the target's Speed by 1 stage.",
"Conversion","Normal","Status",0,true,30,0,"self","The user's type changes to match the original type of one of its known moves besides this move and Curse, at random, but not either of its current types. Fails if the user cannot change its type, or if this move would only be able to select one of the user's current types.",
"Conversion 2","Normal","Status",0,true,30,0,"normal","The user's type changes to match a type that resists or is immune to the type of the last move used against the user, if it was successful against the user, but not either of its current types. The determined type of the move is used rather than the original type. Fails if the last move used against the user was not successful, if the user has the Multitype Ability, or if this move would only be able to select one of the user's current types.",
"Copycat","Normal","Status",0,true,20,0,"self","The user uses the last move used by any Pokemon, including itself. Fails if no move has been used, or if the last move used was Assist, Chatter, Copycat, Counter, Covet, Destiny Bond, Detect, Endure, Feint, Focus Punch, Follow Me, Helping Hand, Me First, Metronome, Mimic, Mirror Coat, Mirror Move, Protect, Sketch, Sleep Talk, Snatch, Struggle, Switcheroo, Thief, or Trick.",
"Cosmic Power","Psychic","Status",0,true,20,0,"self","Raises the user's Defense and Special Defense by 1 stage.",
"Cotton Spore","Grass","Status",0,85,40,0,"normal","Lowers the target's Speed by 2 stages.",
"Counter","Fighting","Physical",0,100,20,-5,"scripted","Deals damage to the last opposing Pokemon to hit the user with a physical attack this turn equal to twice the HP lost by the user from that attack. If that opposing Pokemon's position is no longer in use and there is another opposing Pokemon on the field, the damage is done to it instead. Only the last hit of a multi-hit attack is counted. Fails if the user was not hit by an opposing Pokemon's physical attack this turn, or if the user did not lose HP from the attack.",
"Covet","Normal","Physical",40,100,40,0,"normal","If this attack was successful and the user has not fainted, it steals the target's held item if the user is not holding one. The target's item is not stolen if it is a Mail or Griseous Orb, or if the target has the Multitype Ability. Items lost to this move cannot be regained with Recycle.",
"Crabhammer","Water","Physical",90,85,10,0,"normal","Has a higher chance for a critical hit.",
"Cross Chop","Fighting","Physical",100,80,5,0,"normal","Has a higher chance for a critical hit.",
"Cross Poison","Poison","Physical",70,100,20,0,"normal","Has a 10% chance to poison the target and a higher chance for a critical hit.",
"Crunch","Dark","Physical",80,100,15,0,"normal","Has a 20% chance to lower the target's Defense by 1 stage.",
"Crush Claw","Normal","Physical",75,95,10,0,"normal","Has a 50% chance to lower the target's Defense by 1 stage.",
"Crush Grip","Normal","Physical",0,100,5,0,"normal","Power is equal to 120 * (target's current HP / target's maximum HP) + 1, rounded down.",
"Curse","???","Status",0,true,10,0,"normal","If the user is not a Ghost type, lowers the user's Speed by 1 stage and raises the user's Attack and Defense by 1 stage. If the user is a Ghost type, the user loses 1/2 of its maximum HP, rounded down and even if it would cause fainting, in exchange for the target losing 1/4 of its maximum HP, rounded down, at the end of each turn while it is active. If the target uses Baton Pass, the replacement will continue to be affected. Fails if there is no target or if the target is already affected or has a substitute.",
"Cut","Normal","Physical",50,95,30,0,"normal","No additional effect.",
"Dark Pulse","Dark","Special",80,100,15,0,"any","Has a 20% chance to make the target flinch.",
"Dark Void","Dark","Status",0,80,10,0,"allAdjacentFoes","Causes the target to fall asleep.",
"Defend Order","Bug","Status",0,true,10,0,"self","Raises the user's Defense and Special Defense by 1 stage.",
"Defense Curl","Normal","Status",0,true,40,0,"self","Raises the user's Defense by 1 stage. As long as the user remains active, the power of the user's Ice Ball and Rollout will be doubled (this effect is not stackable).",
"Defog","Flying","Status",0,true,15,0,"normal","Lowers the target's evasiveness by 1 stage. If this move is successful and whether or not the target's evasiveness was affected, the effects of Reflect, Light Screen, Safeguard, Mist, Spikes, Toxic Spikes, and Stealth Rock end for the target's side. Ignores a target's substitute, although a substitute will still block the lowering of evasiveness.",
"Destiny Bond","Ghost","Status",0,true,5,0,"self","Until the user's next turn, if an opposing Pokemon's attack knocks the user out, that Pokemon faints as well, unless the attack was Doom Desire or Future Sight.",
"Detect","Fighting","Status",0,true,5,3,"self","The user is protected from most attacks made by other Pokemon during this turn. This move has a 1/X chance of being successful, where X starts at 1 and doubles each time this move is successfully used, up to a maximum of 8. X resets to 1 if this move fails or if the user's last move used is not Detect, Endure, or Protect. Fails if the user moves last this turn.",
"Dig","Ground","Physical",80,100,10,0,"normal","This attack charges on the first turn and executes on the second. On the first turn, the user avoids all attacks other than Earthquake and Magnitude, which have doubled power when used against it, and is also unaffected by weather. If the user is holding a Power Herb, the move completes in one turn.",
"Disable","Normal","Status",0,80,20,0,"normal","For 4 to 7 turns, the target's last move used becomes disabled. Fails if one of the target's moves is already disabled, if the target has not made a move, if the target no longer knows the move, or if the move has 0 PP.",
"Discharge","Electric","Special",80,100,15,0,"allAdjacent","Has a 30% chance to paralyze the target.",
"Dive","Water","Physical",80,100,10,0,"normal","This attack charges on the first turn and executes on the second. On the first turn, the user avoids all attacks other than Surf and Whirlpool, which have doubled power when used against it, and is also unaffected by weather. If the user is holding a Power Herb, the move completes in one turn.",
"Dizzy Punch","Normal","Physical",70,100,10,0,"normal","Has a 20% chance to confuse the target.",
"Doom Desire","Steel","Special",120,85,5,0,"normal","Deals typeless damage that cannot be a critical hit two turns after this move is used. Damage is calculated against the target on use, and at the end of the final turn that damage is dealt to the Pokemon at the position the original target had at the time. Fails if this move or Future Sight is already in effect for the target's position.",
"Double Hit","Normal","Physical",35,90,10,0,"normal","Hits twice. If the first hit breaks the target's substitute, it will take damage for the second hit. If the target has a Focus Sash and had full HP when this move started, it will not be knocked out regardless of the number of hits.",
"Double Kick","Fighting","Physical",30,100,30,0,"normal","Hits twice. If the first hit breaks the target's substitute, it will take damage for the second hit. If the target has a Focus Sash and had full HP when this move started, it will not be knocked out regardless of the number of hits.",
"Double Slap","Normal","Physical",15,85,10,0,"normal","Hits two to five times. Has a 3/8 chance to hit two or three times, and a 1/8 chance to hit four or five times. If one of the hits breaks the target's substitute, it will take damage for the remaining hits. If the user has the Skill Link Ability, this move will always hit five times. If the target has a Focus Sash and had full HP when this move started, it will not be knocked out regardless of the number of hits.",
"Double Team","Normal","Status",0,true,15,0,"self","Raises the user's evasiveness by 1 stage.",
"Double-Edge","Normal","Physical",120,100,15,0,"normal","If the target lost HP, the user takes recoil damage equal to 1/3 the HP lost by the target, rounded down, but not less than 1 HP.",
"Draco Meteor","Dragon","Special",140,90,5,0,"normal","Lowers the user's Special Attack by 2 stages.",
"Dragon Breath","Dragon","Special",60,100,20,0,"normal","Has a 30% chance to paralyze the target.",
"Dragon Claw","Dragon","Physical",80,100,15,0,"normal","No additional effect.",
"Dragon Dance","Dragon","Status",0,true,20,0,"self","Raises the user's Attack and Speed by 1 stage.",
"Dragon Pulse","Dragon","Special",90,100,10,0,"any","No additional effect.",
"Dragon Rage","Dragon","Special",0,100,10,0,"normal","Deals 40 HP of damage to the target.",
"Dragon Rush","Dragon","Physical",100,75,10,0,"normal","Has a 20% chance to make the target flinch.",
"Drain Punch","Fighting","Physical",60,100,5,0,"normal","The user recovers 1/2 the HP lost by the target, rounded down. If Big Root is held by the user, the HP recovered is 1.3x normal, rounded down.",
"Dream Eater","Psychic","Special",100,100,15,0,"normal","The target is unaffected by this move unless it is asleep and does not have a substitute. The user recovers 1/2 the HP lost by the target, rounded down, but not less than 1 HP. If Big Root is held by the user, the HP recovered is 1.3x normal, rounded down.",
"Drill Peck","Flying","Physical",80,100,20,0,"any","No additional effect.",
"Dynamic Punch","Fighting","Physical",100,50,5,0,"normal","Has a 100% chance to confuse the target.",
"Earth Power","Ground","Special",90,100,10,0,"normal","Has a 10% chance to lower the target's Special Defense by 1 stage.",
"Earthquake","Ground","Physical",100,100,10,0,"allAdjacent","Power doubles if the target is using Dig.",
"Egg Bomb","Normal","Physical",100,75,10,0,"normal","No additional effect.",
"Embargo","Dark","Status",0,100,15,0,"normal","For 5 turns, the target's held item has no effect. An item's effect of causing forme changes is unaffected, but any other effects from such items are negated. During the effect, Fling and Natural Gift are prevented from being used by the target. Items thrown at the target with Fling will still activate for it. If the target uses Baton Pass, the replacement will remain unable to use items.",
"Ember","Fire","Special",40,100,25,0,"normal","Has a 10% chance to burn the target.",
"Encore","Normal","Status",0,100,5,0,"normal","For 4 to 8 turns, the target is forced to repeat its last move used. If the affected move runs out of PP, the effect ends. Fails if the target is already under this effect, if it has not made a move, if the move has 0 PP, or if the move is Encore, Mimic, Mirror Move, Sketch, Struggle, or Transform.",
"Endeavor","Normal","Physical",0,100,5,0,"normal","Deals damage to the target equal to (target's current HP - user's current HP). The target is unaffected if its current HP is less than or equal to the user's current HP.",
"Endure","Normal","Status",0,true,10,4,"self","The user will survive attacks made by other Pokemon during this turn with at least 1 HP. This move has a 1/X chance of being successful, where X starts at 1 and doubles each time this move is successfully used, up to a maximum of 8. X resets to 1 if this move fails or if the user's last move used is not Detect, Endure, or Protect. Fails if the user moves last this turn.",
"Energy Ball","Grass","Special",80,100,10,0,"normal","Has a 10% chance to lower the target's Special Defense by 1 stage.",
"Eruption","Fire","Special",150,100,5,0,"allAdjacentFoes","Power is equal to (user's current HP * 150 / user's maximum HP), rounded down, but not less than 1.",
"Explosion","Normal","Physical",250,100,5,0,"allAdjacent","The user faints after using this move, unless this move has no target. The target's Defense is halved during damage calculation. This move is prevented from executing if any active Pokemon has the Damp Ability.",
"Extrasensory","Psychic","Special",80,100,30,0,"normal","Has a 10% chance to make the target flinch.",
"Extreme Speed","Normal","Physical",80,100,5,1,"normal","No additional effect.",
"Facade","Normal","Physical",70,100,20,0,"normal","Power doubles if the user is burned, paralyzed, or poisoned.",
"Fake Out","Normal","Physical",40,100,10,1,"normal","Has a 100% chance to make the target flinch. Fails unless it is the user's first turn on the field.",
"Fake Tears","Dark","Status",0,100,20,0,"normal","Lowers the target's Special Defense by 2 stages.",
"False Swipe","Normal","Physical",40,100,40,0,"normal","Leaves the target with at least 1 HP.",
"Feather Dance","Flying","Status",0,100,15,0,"normal","Lowers the target's Attack by 2 stages.",
"Feint","Normal","Physical",50,100,10,2,"normal","Fails unless the target is using Detect or Protect. If this move is successful, it breaks through the target's Detect or Protect for this turn, allowing other Pokemon to attack the target normally.",
"Feint Attack","Dark","Physical",60,true,20,0,"normal","This move does not check accuracy.",
"Fire Blast","Fire","Special",120,85,5,0,"normal","Has a 10% chance to burn the target.",
"Fire Fang","Fire","Physical",65,95,15,0,"normal","Has a 10% chance to burn the target and a 10% chance to make it flinch. This move can hit Pokemon with the Wonder Guard Ability regardless of their typing.",
"Fire Punch","Fire","Physical",75,100,15,0,"normal","Has a 10% chance to burn the target.",
"Fire Spin","Fire","Special",15,70,15,0,"normal","Prevents the target from switching for two to five turns (always five turns if the user is holding Grip Claw). Causes damage to the target equal to 1/16 of its maximum HP, rounded down, at the end of each turn during effect. The target can still switch out if it is holding Shed Shell or uses Baton Pass or U-turn. The effect ends if either the user or the target leaves the field, or if the target uses Rapid Spin or Substitute successfully. This effect is not stackable or reset by using this or another binding move.",
"Fissure","Ground","Physical",0,30,5,0,"normal","Deals damage to the target equal to the target's maximum HP. Ignores accuracy and evasiveness modifiers. This attack's accuracy is equal to (user's level - target's level + 30)%, and fails if the target is at a higher level. Pokemon with the Sturdy Ability are immune.",
"Flail","Normal","Physical",0,100,15,0,"normal","The power of this move is 20 if X is 43 to 48, 40 if X is 22 to 42, 80 if X is 13 to 21, 100 if X is 6 to 12, 150 if X is 2 to 5, and 200 if X is 0 or 1, where X is equal to (user's current HP * 64 / user's maximum HP), rounded down.",
"Flame Wheel","Fire","Physical",60,100,25,0,"normal","Has a 10% chance to burn the target.",
"Flamethrower","Fire","Special",95,100,15,0,"normal","Has a 10% chance to burn the target.",
"Flare Blitz","Fire","Physical",120,100,15,0,"normal","Has a 10% chance to burn the target. If the target lost HP, the user takes recoil damage equal to 1/3 the HP lost by the target, rounded down, but not less than 1 HP.",
"Flash","Normal","Status",0,100,20,0,"normal","Lowers the target's accuracy by 1 stage.",
"Flash Cannon","Steel","Special",80,100,10,0,"normal","Has a 10% chance to lower the target's Special Defense by 1 stage.",
"Flatter","Dark","Status",0,100,15,0,"normal","Raises the target's Special Attack by 1 stage and confuses it.",
"Fling","Dark","Physical",0,100,10,0,"normal","The power of this move is based on the user's held item. The held item is lost and it activates for the target if applicable. If the target avoids this move by protecting itself, the user's held item is still lost. The user can regain a thrown item with Recycle. Fails if the user has no held item, if the held item cannot be thrown, or if the user is under the effect of Embargo.",
"Fly","Flying","Physical",90,95,15,0,"any","This attack charges on the first turn and executes on the second. On the first turn, the user avoids all attacks other than Gust, Sky Uppercut, Thunder, and Twister, and Gust and Twister have doubled power when used against it. If the user is holding a Power Herb, the move completes in one turn.",
"Focus Blast","Fighting","Special",120,70,5,0,"normal","Has a 10% chance to lower the target's Special Defense by 1 stage.",
"Focus Energy","Normal","Status",0,true,30,0,"self","Raises the user's chance for a critical hit by 2 stages. Fails if the user already has the effect. Baton Pass can be used to transfer this effect to an ally.",
"Focus Punch","Fighting","Physical",150,100,20,-3,"normal","The user loses its focus and does nothing if it is hit by a damaging attack this turn before it can execute the move, but it still loses PP.",
"Follow Me","Normal","Status",0,true,20,3,"self","Until the end of the turn, all single-target attacks from the opposing side are redirected to the user. Such attacks are redirected to the user before they can be reflected by Magic Coat, or drawn in by the Lightning Rod or Storm Drain Abilities. This effect remains active even if the user leaves the field. Fails if it is not a Double Battle.",
"Force Palm","Fighting","Physical",60,100,10,0,"normal","Has a 30% chance to paralyze the target.",
"Foresight","Normal","Status",0,true,40,0,"normal","As long as the target remains active, its evasiveness stat stage is ignored during accuracy checks against it if it is greater than 0, and Normal- and Fighting-type attacks can hit the target if it is a Ghost type.",
"Frenzy Plant","Grass","Special",150,90,5,0,"normal","If this move is successful, the user must recharge on the following turn and cannot select a move.",
"Frustration","Normal","Physical",0,100,20,0,"normal","Power is equal to the greater of ((255 - user's Happiness) * 2/5), rounded down, or 1.",
"Fury Attack","Normal","Physical",15,85,20,0,"normal","Hits two to five times. Has a 3/8 chance to hit two or three times, and a 1/8 chance to hit four or five times. If one of the hits breaks the target's substitute, it will take damage for the remaining hits. If the user has the Skill Link Ability, this move will always hit five times. If the target has a Focus Sash and had full HP when this move started, it will not be knocked out regardless of the number of hits.",
"Fury Cutter","Bug","Physical",10,95,20,0,"normal","Power doubles with each successful hit, up to a maximum of 160 power. The power is reset if this move misses or another move is used.",
"Fury Swipes","Normal","Physical",18,80,15,0,"normal","Hits two to five times. Has a 3/8 chance to hit two or three times, and a 1/8 chance to hit four or five times. If one of the hits breaks the target's substitute, it will take damage for the remaining hits. If the user has the Skill Link Ability, this move will always hit five times. If the target has a Focus Sash and had full HP when this move started, it will not be knocked out regardless of the number of hits.",
"Future Sight","Psychic","Special",80,90,15,0,"normal","Deals typeless damage that cannot be a critical hit two turns after this move is used. Damage is calculated against the target on use, and at the end of the final turn that damage is dealt to the Pokemon at the position the original target had at the time. Fails if this move or Doom Desire is already in effect for the target's position.",
"Gastro Acid","Poison","Status",0,100,10,0,"normal","Causes the target's Ability to be rendered ineffective as long as it remains active. If the target uses Baton Pass, the replacement will remain under this effect. If the target's Ability is Multitype or Stance Change, this move fails, and receiving the effect through Baton Pass ends the effect immediately.",
"Giga Drain","Grass","Special",60,100,10,0,"normal","The user recovers 1/2 the HP lost by the target, rounded down. If Big Root is held by the user, the HP recovered is 1.3x normal, rounded down.",
"Giga Impact","Normal","Physical",150,90,5,0,"normal","If this move is successful, the user must recharge on the following turn and cannot select a move.",
"Glare","Normal","Status",0,75,30,0,"normal","Paralyzes the target.",
"Grass Knot","Grass","Special",0,100,20,0,"normal","This move's power is 20 if the target weighs less than 10 kg, 40 if less than 25 kg, 60 if less than 50 kg, 80 if less than 100 kg, 100 if less than 200 kg, and 120 if greater than or equal to 200 kg.",
"Grass Whistle","Grass","Status",0,55,15,0,"normal","Causes the target to fall asleep.",
"Gravity","Psychic","Status",0,true,5,0,"all","For 5 turns, the evasiveness of all active Pokemon is multiplied by 0.6. At the time of use, Bounce, Fly, and Magnet Rise end immediately for all active Pokemon. During the effect, Bounce, Fly, High Jump Kick, Jump Kick, Magnet Rise, and Splash are prevented from being used by all active Pokemon. Ground-type attacks, Spikes, Toxic Spikes, and the Arena Trap Ability can affect Flying types or Pokemon with the Levitate Ability. Fails if this move is already in effect.",
"Growl","Normal","Status",0,100,40,0,"allAdjacentFoes","Lowers the target's Attack by 1 stage.",
"Growth","Normal","Status",0,true,40,0,"self","Raises the user's Special Attack by 1 stage.",
"Grudge","Ghost","Status",0,true,5,0,"self","Until the user's next turn, if an opposing Pokemon's attack knocks the user out, that move loses all its remaining PP.",
"Guard Swap","Psychic","Status",0,true,10,0,"normal","The user swaps its Defense and Special Defense stat stage changes with the target.",
"Guillotine","Normal","Physical",0,30,5,0,"normal","Deals damage to the target equal to the target's maximum HP. Ignores accuracy and evasiveness modifiers. This attack's accuracy is equal to (user's level - target's level + 30)%, and fails if the target is at a higher level. Pokemon with the Sturdy Ability are immune.",
"Gunk Shot","Poison","Physical",120,70,5,0,"normal","Has a 30% chance to poison the target.",
"Gust","Flying","Special",40,100,35,0,"any","Power doubles if the target is using Bounce or Fly.",
"Gyro Ball","Steel","Physical",0,100,5,0,"normal","Power is equal to (25 * target's current Speed / user's current Speed) + 1, rounded down, but not more than 150. If the user's current Speed is 0, it is treated as 1 instead.",
"Hail","Ice","Status",0,true,10,0,"all","For 5 turns, the weather becomes Hail. At the end of each turn except the last, all active Pokemon lose 1/16 of their maximum HP, rounded down, unless they are an Ice type or have the Ice Body, Magic Guard, or Snow Cloak Abilities. Lasts for 8 turns if the user is holding Icy Rock. Fails if the current weather is Hail.",
"Hammer Arm","Fighting","Physical",100,90,10,0,"normal","Lowers the user's Speed by 1 stage.",
"Harden","Normal","Status",0,true,30,0,"self","Raises the user's Defense by 1 stage.",
"Haze","Ice","Status",0,true,30,0,"all","Resets the stat stages of all active Pokemon to 0.",
"Head Smash","Rock","Physical",150,80,5,0,"normal","If the target lost HP, the user takes recoil damage equal to 1/2 the HP lost by the target, rounded down, but not less than 1 HP.",
"Headbutt","Normal","Physical",70,100,15,0,"normal","Has a 30% chance to make the target flinch.",
"Heal Bell","Normal","Status",0,true,5,0,"allyTeam","Every Pokemon in the user's party is cured of its non-volatile status condition. Pokemon with the Soundproof Ability are not cured.",
"Heal Block","Psychic","Status",0,100,15,0,"allAdjacentFoes","For 5 turns, the target is prevented from restoring any HP as long as it remains active. During the effect, healing moves are unusable, move effects that grant healing will not heal, but Abilities and items will continue to heal the user. If an affected Pokemon uses Baton Pass, the replacement will remain under the effect. Pain Split is unaffected.",
"Heal Order","Bug","Status",0,true,10,0,"self","The user restores 1/2 of its maximum HP, rounded down.",
"Healing Wish","Psychic","Status",0,true,10,0,"self","The user faints and the Pokemon brought out to replace it has its HP fully restored along with having any non-volatile status condition cured. The new Pokemon is sent out immediately and the healing happens after hazards take effect. Fails if the user is the last unfainted Pokemon in its party.",
"Heart Swap","Psychic","Status",0,true,10,0,"normal","The user swaps all its stat stage changes with the target.",
"Heat Wave","Fire","Special",100,90,10,0,"allAdjacentFoes","Has a 10% chance to burn the target.",
"Helping Hand","Normal","Status",0,true,20,5,"adjacentAlly","The power of the target's attack this turn is multiplied by 1.5 (this effect is stackable). Fails if there is no ally adjacent to the user or if the ally already moved this turn, but does not fail if the ally is using a two-turn move.",
"Hidden Power","Normal","Special",0,100,15,0,"normal","This move's type and power depend on the user's individual values (IVs). Power varies between 30 and 70, and type can be any but Normal.",
"Hidden Power Bug","Bug","Special",70,100,15,0,"normal","",
"Hidden Power Dark","Dark","Special",70,100,15,0,"normal","",
"Hidden Power Dragon","Dragon","Special",70,100,15,0,"normal","",
"Hidden Power Electric","Electric","Special",70,100,15,0,"normal","",
"Hidden Power Fighting","Fighting","Special",70,100,15,0,"normal","",
"Hidden Power Fire","Fire","Special",70,100,15,0,"normal","",
"Hidden Power Flying","Flying","Special",70,100,15,0,"normal","",
"Hidden Power Ghost","Ghost","Special",70,100,15,0,"normal","",
"Hidden Power Grass","Grass","Special",70,100,15,0,"normal","",
"Hidden Power Ground","Ground","Special",70,100,15,0,"normal","",
"Hidden Power Ice","Ice","Special",70,100,15,0,"normal","",
"Hidden Power Poison","Poison","Special",70,100,15,0,"normal","",
"Hidden Power Psychic","Psychic","Special",70,100,15,0,"normal","",
"Hidden Power Rock","Rock","Special",70,100,15,0,"normal","",
"Hidden Power Steel","Steel","Special",70,100,15,0,"normal","",
"Hidden Power Water","Water","Special",70,100,15,0,"normal","",
"High Jump Kick","Fighting","Physical",100,90,20,0,"normal","If this attack is not successful, the user loses HP equal to half the target's maximum HP if the target was immune, rounded down, otherwise half of the damage the target would have taken, rounded down, but no less than 1 HP and no more than half of the target's maximum HP, as crash damage. Pokemon with the Magic Guard Ability are unaffected by crash damage.",
"Horn Attack","Normal","Physical",65,100,25,0,"normal","No additional effect.",
"Horn Drill","Normal","Physical",0,30,5,0,"normal","Deals damage to the target equal to the target's maximum HP. Ignores accuracy and evasiveness modifiers. This attack's accuracy is equal to (user's level - target's level + 30)%, and fails if the target is at a higher level. Pokemon with the Sturdy Ability are immune.",
"Howl","Normal","Status",0,true,40,0,"self","Raises the user's Attack by 1 stage.",
"Hydro Cannon","Water","Special",150,90,5,0,"normal","If this move is successful, the user must recharge on the following turn and cannot select a move.",
"Hydro Pump","Water","Special",120,80,5,0,"normal","No additional effect.",
"Hyper Beam","Normal","Special",150,90,5,0,"normal","If this move is successful, the user must recharge on the following turn and cannot select a move.",
"Hyper Fang","Normal","Physical",80,90,15,0,"normal","Has a 10% chance to make the target flinch.",
"Hyper Voice","Normal","Special",90,100,10,0,"allAdjacentFoes","No additional effect.",
"Hypnosis","Psychic","Status",0,60,20,0,"normal","Causes the target to fall asleep.",
"Ice Ball","Ice","Physical",30,90,20,0,"normal","If this move is successful, the user is locked into this move and cannot make another move until it misses, 5 turns have passed, or the attack cannot be used. Power doubles with each successful hit of this move and doubles again if Defense Curl was used previously by the user. If this move is called by Sleep Talk, the move is used for one turn.",
"Ice Beam","Ice","Special",95,100,10,0,"normal","Has a 10% chance to freeze the target.",
"Ice Fang","Ice","Physical",65,95,15,0,"normal","Has a 10% chance to freeze the target and a 10% chance to make it flinch.",
"Ice Punch","Ice","Physical",75,100,15,0,"normal","Has a 10% chance to freeze the target.",
"Ice Shard","Ice","Physical",40,100,30,1,"normal","No additional effect.",
"Icicle Spear","Ice","Physical",10,100,30,0,"normal","Hits two to five times. Has a 3/8 chance to hit two or three times, and a 1/8 chance to hit four or five times. If one of the hits breaks the target's substitute, it will take damage for the remaining hits. If the user has the Skill Link Ability, this move will always hit five times. If the target has a Focus Sash and had full HP when this move started, it will not be knocked out regardless of the number of hits.",
"Icy Wind","Ice","Special",55,95,15,0,"allAdjacentFoes","Has a 100% chance to lower the target's Speed by 1 stage.",
"Imprison","Psychic","Status",0,true,10,0,"self","The user prevents all opposing Pokemon from using any moves that the user also knows as long as the user remains active. Fails if no opposing Pokemon know any of the user's moves.",
"Ingrain","Grass","Status",0,true,20,0,"self","The user has 1/16 of its maximum HP restored at the end of each turn, but it is prevented from switching out and other Pokemon cannot force the user to switch out. The user can still switch out if it uses Baton Pass or U-turn. If the user leaves the field using Baton Pass, the replacement will remain trapped and still receive the healing effect. During the effect, the user can be hit normally by Ground-type attacks and be affected by Spikes and Toxic Spikes, even if the user is a Flying type or has the Levitate Ability.",
"Iron Defense","Steel","Status",0,true,15,0,"self","Raises the user's Defense by 2 stages.",
"Iron Head","Steel","Physical",80,100,15,0,"normal","Has a 30% chance to make the target flinch.",
"Iron Tail","Steel","Physical",100,75,15,0,"normal","Has a 30% chance to lower the target's Defense by 1 stage.",
"Judgment","Normal","Special",100,100,10,0,"normal","This move's type depends on the user's held Plate.",
"Jump Kick","Fighting","Physical",85,95,25,0,"normal","If this attack is not successful, the user loses HP equal to half the target's maximum HP if the target was immune, rounded down, otherwise half of the damage the target would have taken, rounded down, but no less than 1 HP and no more than half of the target's maximum HP, as crash damage. Pokemon with the Magic Guard Ability are unaffected by crash damage.",
"Karate Chop","Fighting","Physical",50,100,25,0,"normal","Has a higher chance for a critical hit.",
"Kinesis","Psychic","Status",0,80,15,0,"normal","Lowers the target's accuracy by 1 stage.",
"Knock Off","Dark","Physical",20,100,20,0,"normal","The target's held item is lost for the rest of the battle, unless the item is a Griseous Orb or the target has the Multitype or Sticky Hold Abilities. During the effect, the target cannot obtain a new item by any means.",
"Last Resort","Normal","Physical",130,100,5,0,"normal","This move fails unless the user knows this move and at least one other move, and has used all the other moves it knows at least once each since it became active or Transformed.",
"Lava Plume","Fire","Special",80,100,15,0,"allAdjacent","Has a 30% chance to burn the target.",
"Leaf Blade","Grass","Physical",90,100,15,0,"normal","Has a higher chance for a critical hit.",
"Leaf Storm","Grass","Special",140,90,5,0,"normal","Lowers the user's Special Attack by 2 stages.",
"Leech Life","Bug","Physical",20,100,15,0,"normal","The user recovers 1/2 the HP lost by the target, rounded down. If Big Root is held by the user, the HP recovered is 1.3x normal, rounded down.",
"Leech Seed","Grass","Status",0,90,10,0,"normal","The Pokemon at the user's position steals 1/8 of the target's maximum HP, rounded down, at the end of each turn. If Big Root is held by the recipient, the HP recovered is 1.3x normal, rounded half down. If the target uses Baton Pass, the replacement will continue being leeched. If the target switches out or uses Rapid Spin successfully, the effect ends. Grass-type Pokemon are immune to this move on use, but not its effect.",
"Leer","Normal","Status",0,100,30,0,"allAdjacentFoes","Lowers the target's Defense by 1 stage.",
"Lick","Ghost","Physical",20,100,30,0,"normal","Has a 30% chance to paralyze the target.",
"Light Screen","Psychic","Status",0,true,30,0,"allySide","For 5 turns, the user and its party members take 1/2 damage from special attacks, or 2/3 damage if there are multiple active Pokemon on the user's side. Critical hits ignore this effect. It is removed from the user's side if the user or an ally is successfully hit by Brick Break or Defog. Lasts for 8 turns if the user is holding Light Clay. Fails if the effect is already active on the user's side.",
"Lock-On","Normal","Status",0,true,5,0,"normal","Until the end of the next turn, the target cannot avoid the user's moves, even if the target is in the middle of a two-turn move. When this effect is started against the target, this and Mind Reader's effects end for every other Pokemon against that target. If the target leaves the field using Baton Pass, the replacement remains under this effect. If the user leaves the field using Baton Pass, this effect is restarted against the same target for the replacement. The effect ends if either the user or the target leaves the field.",
"Lovely Kiss","Normal","Status",0,75,10,0,"normal","Causes the target to fall asleep.",
"Low Kick","Fighting","Physical",0,100,20,0,"normal","This move's power is 20 if the target weighs less than 10 kg, 40 if less than 25 kg, 60 if less than 50 kg, 80 if less than 100 kg, 100 if less than 200 kg, and 120 if greater than or equal to 200 kg.",
"Lucky Chant","Normal","Status",0,true,30,0,"allySide","For 5 turns, the user and its party members cannot be struck by a critical hit. Fails if the effect is already active on the user's side.",
"Lunar Dance","Psychic","Status",0,true,10,0,"self","The user faints and the Pokemon brought out to replace it has its HP and PP fully restored along with having any non-volatile status condition cured. The new Pokemon is sent out immediately and the healing happens after hazards take effect. Fails if the user is the last unfainted Pokemon in its party.",
"Luster Purge","Psychic","Special",70,100,5,0,"normal","Has a 50% chance to lower the target's Special Defense by 1 stage.",
"Mach Punch","Fighting","Physical",40,100,30,1,"normal","No additional effect.",
"Magic Coat","Psychic","Status",0,true,15,4,"self","The user is unaffected by certain non-damaging moves directed at it and will instead use such moves against the original user. If the move targets both opposing Pokemon, the Pokemon under this effect will reflect the move only targeting the original user. The effect ends once a move is reflected or at the end of the turn. The Lightning Rod and Storm Drain Abilities redirect their respective moves before this move takes effect.",
"Magical Leaf","Grass","Special",60,true,20,0,"normal","This move does not check accuracy.",
"Magma Storm","Fire","Special",120,70,5,0,"normal","Prevents the target from switching for two to five turns (always five turns if the user is holding Grip Claw). Causes damage to the target equal to 1/16 of its maximum HP, rounded down, at the end of each turn during effect. The target can still switch out if it is holding Shed Shell or uses Baton Pass or U-turn. The effect ends if either the user or the target leaves the field, or if the target uses Rapid Spin or Substitute successfully. This effect is not stackable or reset by using this or another binding move.",
"Magnet Bomb","Steel","Physical",60,true,20,0,"normal","This move does not check accuracy.",
"Magnet Rise","Electric","Status",0,true,10,0,"self","For 5 turns, the user is immune to Ground-type attacks and the effects of Spikes, Toxic Spikes, and the Arena Trap Ability as long as it remains active. If the user uses Baton Pass, the replacement will gain the effect. Ingrain and Iron Ball override this move if the user is under any of their effects. Fails if the user is already under this effect or the effect of Ingrain.",
"Magnitude","Ground","Physical",0,100,30,0,"allAdjacent","The power of this move varies. 5% chances for 10 and 150 power, 10% chances for 30 and 110 power, 20% chances for 50 and 90 power, and 30% chance for 70 power. Power doubles if the target is using Dig.",
"Me First","Normal","Status",0,true,20,0,"adjacentFoe","The user uses the move the target chose for use this turn against it, if possible, with its power multiplied by 1.5. The move must be a damaging move other than Chatter, Counter, Covet, Focus Punch, Me First, Mirror Coat, Struggle, or Thief. Fails if the target moves before the user. Ignores the target's substitute for the purpose of copying the move.",
"Mean Look","Normal","Status",0,true,5,0,"normal","Prevents the target from switching out. The target can still switch out if it is holding Shed Shell or uses Baton Pass or U-turn. If the target leaves the field using Baton Pass, the replacement will remain trapped. The effect ends if the user leaves the field, unless it uses Baton Pass, in which case the target will remain trapped.",
"Meditate","Psychic","Status",0,true,40,0,"self","Raises the user's Attack by 1 stage.",
"Mega Drain","Grass","Special",40,100,15,0,"normal","The user recovers 1/2 the HP lost by the target, rounded down. If Big Root is held by the user, the HP recovered is 1.3x normal, rounded down.",
"Mega Kick","Normal","Physical",120,75,5,0,"normal","No additional effect.",
"Mega Punch","Normal","Physical",80,85,20,0,"normal","No additional effect.",
"Megahorn","Bug","Physical",120,85,10,0,"normal","No additional effect.",
"Memento","Dark","Status",0,100,10,0,"normal","Lowers the target's Attack and Special Attack by 2 stages. The user faints, even if this move misses. This move can hit targets in the middle of a two-turn move. Fails entirely if there is no target, but does not fail if the target's stats cannot be changed.",
"Metal Burst","Steel","Physical",0,100,10,0,"scripted","Deals damage to the last opposing Pokemon to hit the user with a physical or special attack this turn equal to 1.5 times the HP lost by the user from that attack, rounded down. If that opposing Pokemon's position is no longer in use and there is another opposing Pokemon on the field, the damage is done to it instead. Only the last hit of a multi-hit attack is counted. Fails if the user was not hit by an opposing Pokemon's physical or special attack this turn, or if the user did not lose HP from the attack.",
"Metal Claw","Steel","Physical",50,95,35,0,"normal","Has a 10% chance to raise the user's Attack by 1 stage.",
"Metal Sound","Steel","Status",0,85,40,0,"normal","Lowers the target's Special Defense by 2 stages.",
"Meteor Mash","Steel","Physical",100,85,10,0,"normal","Has a 20% chance to raise the user's Attack by 1 stage.",
"Metronome","Normal","Status",0,true,10,0,"self","A random move is selected for use, other than Assist, Chatter, Copycat, Counter, Covet, Destiny Bond, Detect, Endure, Feint, Focus Punch, Follow Me, Helping Hand, Me First, Metronome, Mimic, Mirror Coat, Mirror Move, Protect, Sketch, Sleep Talk, Snatch, Struggle, Switcheroo, Thief, Trick, or any move the user already knows.",
"Milk Drink","Normal","Status",0,true,10,0,"self","The user restores 1/2 of its maximum HP, rounded down.",
"Mimic","Normal","Status",0,true,10,0,"normal","While the user remains active, this move is replaced by the last move used by the target. The copied move has 5 PP. Fails if the target has not made a move, if the user has Transformed, if the user already knows the move, or if the move is Chatter, Metronome, Mimic, Sketch, or Struggle.",
"Mind Reader","Normal","Status",0,true,5,0,"normal","Until the end of the next turn, the target cannot avoid the user's moves, even if the target is in the middle of a two-turn move. When this effect is started against the target, this and Lock-On's effects end for every other Pokemon against that target. If the target leaves the field using Baton Pass, the replacement remains under this effect. If the user leaves the field using Baton Pass, this effect is restarted against the same target for the replacement. The effect ends if either the user or the target leaves the field.",
"Minimize","Normal","Status",0,true,20,0,"self","Raises the user's evasiveness by 1 stage. Whether or not the user's evasiveness was changed, Stomp will have its power doubled if used against the user while it is active.",
"Miracle Eye","Psychic","Status",0,true,40,0,"normal","As long as the target remains active, its evasiveness stat stage is ignored during accuracy checks against it if it is greater than 0, and Psychic-type attacks can hit the target if it is a Dark type.",
"Mirror Coat","Psychic","Special",0,100,20,-5,"scripted","Deals damage to the last opposing Pokemon to hit the user with a special attack this turn equal to twice the HP lost by the user from that attack. If that opposing Pokemon's position is no longer in use and there is another opposing Pokemon on the field, the damage is done to it instead. Only the last hit of a multi-hit attack is counted. Fails if the user was not hit by an opposing Pokemon's special attack this turn, or if the user did not lose HP from the attack.",
"Mirror Move","Flying","Status",0,true,20,0,"self","The user uses the last move that successfully targeted the user. The copied move is used with no specific target. Fails if no move has targeted the user, if the move was called by another move, if the move is Encore, or if the move cannot be copied by this move.",
"Mirror Shot","Steel","Special",65,85,10,0,"normal","Has a 30% chance to lower the target's accuracy by 1 stage.",
"Mist","Ice","Status",0,true,30,0,"allySide","For 5 turns, the user and its party members are protected from having their stat stages lowered by other Pokemon. Fails if the effect is already active on the user's side.",
"Mist Ball","Psychic","Special",70,100,5,0,"normal","Has a 50% chance to lower the target's Special Attack by 1 stage.",
"Moonlight","Normal","Status",0,true,5,0,"self","The user restores 1/2 of its maximum HP if no weather conditions are in effect, 2/3 of its maximum HP if the weather is Sunny Day, and 1/4 of its maximum HP if the weather is Hail, Rain Dance, or Sandstorm, all rounded down.",
"Morning Sun","Normal","Status",0,true,5,0,"self","The user restores 1/2 of its maximum HP if no weather conditions are in effect, 2/3 of its maximum HP if the weather is Sunny Day, and 1/4 of its maximum HP if the weather is Hail, Rain Dance, or Sandstorm, all rounded down.",
"Mud Bomb","Ground","Special",65,85,10,0,"normal","Has a 30% chance to lower the target's accuracy by 1 stage.",
"Mud Shot","Ground","Special",55,95,15,0,"normal","Has a 100% chance to lower the target's Speed by 1 stage.",
"Mud Sport","Ground","Status",0,true,15,0,"all","While the user is active, all Electric-type attacks used by any active Pokemon have their power halved. Fails if this effect is already active for the user. Baton Pass can be used to transfer this effect to an ally.",
"Mud-Slap","Ground","Special",20,100,10,0,"normal","Has a 100% chance to lower the target's accuracy by 1 stage.",
"Muddy Water","Water","Special",95,85,10,0,"allAdjacentFoes","Has a 30% chance to lower the target's accuracy by 1 stage.",
"Nasty Plot","Dark","Status",0,true,20,0,"self","Raises the user's Special Attack by 2 stages.",
"Natural Gift","Normal","Physical",0,100,15,0,"normal","The type and power of this move depend on the user's held Berry, and the Berry is lost. Fails if the user is not holding a Berry, if the user has the Klutz Ability, or if Embargo is in effect for the user.",
"Nature Power","Normal","Status",0,true,20,0,"self","This move calls another move for use based on the battle terrain. Tri Attack in Wi-Fi battles.",
"Needle Arm","Grass","Physical",60,100,15,0,"normal","Has a 30% chance to make the target flinch.",
"Night Shade","Ghost","Special",0,100,15,0,"normal","Deals damage to the target equal to the user's level.",
"Night Slash","Dark","Physical",70,100,15,0,"normal","Has a higher chance for a critical hit.",
"Nightmare","Ghost","Status",0,100,15,0,"normal","Causes the target to lose 1/4 of its maximum HP, rounded down, at the end of each turn as long as it is asleep. This move does not affect the target unless it is asleep. The effect ends when the target wakes up, even if it falls asleep again in the same turn.",
"Octazooka","Water","Special",65,85,10,0,"normal","Has a 50% chance to lower the target's accuracy by 1 stage.",
"Odor Sleuth","Normal","Status",0,true,40,0,"normal","As long as the target remains active, its evasiveness stat stage is ignored during accuracy checks against it if it is greater than 0, and Normal- and Fighting-type attacks can hit the target if it is a Ghost type.",
"Ominous Wind","Ghost","Special",60,100,5,0,"normal","Has a 10% chance to raise the user's Attack, Defense, Special Attack, Special Defense, and Speed by 1 stage.",
"Outrage","Dragon","Physical",120,100,15,0,"randomNormal","The user spends two or three turns locked into this move and becomes confused at the end of the last turn of the effect if it is not already. This move targets an opposing Pokemon at random on each turn. If the user is prevented from moving, is asleep at the beginning of a turn, or the attack is not successful against the target, the effect ends without causing confusion. If this move is called by Sleep Talk, the move is used for one turn and does not confuse the user.",
"Overheat","Fire","Special",140,90,5,0,"normal","Lowers the user's Special Attack by 2 stages.",
"Pain Split","Normal","Status",0,true,20,0,"normal","The user and the target's HP become the average of their current HP, rounded down, but not more than the maximum HP of either one.",
"Pay Day","Normal","Physical",40,100,20,0,"normal","No additional effect.",
"Payback","Dark","Physical",50,100,10,0,"normal","Power doubles if the user moves after the target this turn. Switching in counts as an action.",
"Peck","Flying","Physical",35,100,35,0,"any","No additional effect.",
"Perish Song","Normal","Status",0,true,5,0,"all","Each active Pokemon receives a perish count of 4 if it doesn't already have a perish count. At the end of each turn including the turn used, the perish count of all active Pokemon lowers by 1 and Pokemon faint if the number reaches 0. The perish count is removed from Pokemon that switch out. If a Pokemon uses Baton Pass while it has a perish count, the replacement will gain the perish count and continue to count down.",
"Petal Dance","Grass","Special",90,100,20,0,"randomNormal","The user spends two or three turns locked into this move and becomes confused at the end of the last turn of the effect if it is not already. This move targets an opposing Pokemon at random on each turn. If the user is prevented from moving, is asleep at the beginning of a turn, or the attack is not successful against the target, the effect ends without causing confusion. If this move is called by Sleep Talk, the move is used for one turn and does not confuse the user.",
"Pin Missile","Bug","Physical",14,85,20,0,"normal","Hits two to five times. Has a 3/8 chance to hit two or three times, and a 1/8 chance to hit four or five times. If one of the hits breaks the target's substitute, it will take damage for the remaining hits. If the user has the Skill Link Ability, this move will always hit five times. If the target has a Focus Sash and had full HP when this move started, it will not be knocked out regardless of the number of hits.",
"Pluck","Flying","Physical",60,100,20,0,"any","The user steals the target's held Berry if it is holding one and eats it immediately, gaining its effects unless the user's item is being ignored. Items lost to this move can be regained with Recycle.",
"Poison Fang","Poison","Physical",50,100,15,0,"normal","Has a 30% chance to badly poison the target.",
"Poison Gas","Poison","Status",0,55,40,0,"normal","Poisons the target.",
"Poison Jab","Poison","Physical",80,100,20,0,"normal","Has a 30% chance to poison the target.",
"Poison Powder","Poison","Status",0,75,35,0,"normal","Poisons the target.",
"Poison Sting","Poison","Physical",15,100,35,0,"normal","Has a 30% chance to poison the target.",
"Poison Tail","Poison","Physical",50,100,25,0,"normal","Has a 10% chance to poison the target and a higher chance for a critical hit.",
"Pound","Normal","Physical",40,100,35,0,"normal","No additional effect.",
"Powder Snow","Ice","Special",40,100,25,0,"allAdjacentFoes","Has a 10% chance to freeze the target.",
"Power Gem","Rock","Special",70,100,20,0,"normal","No additional effect.",
"Power Swap","Psychic","Status",0,true,10,0,"normal","The user swaps its Attack and Special Attack stat stage changes with the target.",
"Power Trick","Psychic","Status",0,true,10,0,"self","The user swaps its Attack and Defense stats, and stat stage changes remain on their respective stats. This move can be used again to swap the stats back. If the user uses Baton Pass, the replacement will have its Attack and Defense stats swapped if the effect is active. If the user has its stats recalculated by changing forme while its stats are swapped, this effect is ignored but is still active for the purposes of Baton Pass.",
"Power Whip","Grass","Physical",120,85,10,0,"normal","No additional effect.",
"Present","Normal","Physical",0,90,15,0,"normal","If this move is successful, it deals damage or heals the target. 40% chance for 40 power, 30% chance for 80 power, 10% chance for 120 power, and 20% chance to heal the target by 1/4 of its maximum HP, rounded down.",
"Protect","Normal","Status",0,true,10,3,"self","The user is protected from most attacks made by other Pokemon during this turn. This move has a 1/X chance of being successful, where X starts at 1 and doubles each time this move is successfully used, up to a maximum of 8. X resets to 1 if this move fails or if the user's last move used is not Detect, Endure, or Protect. Fails if the user moves last this turn.",
"Psybeam","Psychic","Special",65,100,20,0,"normal","Has a 10% chance to confuse the target.",
"Psych Up","Normal","Status",0,true,10,0,"normal","The user copies all of the target's current stat stage changes.",
"Psychic","Psychic","Special",90,100,10,0,"normal","Has a 10% chance to lower the target's Special Defense by 1 stage.",
"Psycho Boost","Psychic","Special",140,90,5,0,"normal","Lowers the user's Special Attack by 2 stages.",
"Psycho Cut","Psychic","Physical",70,100,20,0,"normal","Has a higher chance for a critical hit.",
"Psycho Shift","Psychic","Status",0,90,10,0,"normal","The user's non-volatile status condition is transferred to the target, and the user is then cured. Fails if the user has no non-volatile status condition or if the target already has one.",
"Psywave","Psychic","Special",0,80,15,0,"normal","Deals damage to the target equal to (user's level) * (X * 10 + 50) / 100, where X is a random number from 0 to 10, rounded down, but not less than 1 HP.",
"Punishment","Dark","Physical",0,100,5,0,"normal","Power is equal to 60+(X*20), where X is the target's total stat stage changes that are greater than 0, but not more than 200 power.",
"Pursuit","Dark","Physical",40,100,20,0,"normal","If an opposing Pokemon switches out this turn, this move hits that Pokemon before it leaves the field, even if it was not the original target. If the user moves after an opponent using U-turn, but not Baton Pass, it will hit that opponent before it leaves the field. Power doubles and no accuracy check is done if the user hits an opponent switching out, and the user's turn is over; if an opponent faints from this, the replacement Pokemon becomes active immediately.",
"Quick Attack","Normal","Physical",40,100,30,1,"normal","No additional effect.",
"Rage","Normal","Physical",20,100,20,0,"normal","Once this move is successfully used, the user's Attack is raised by 1 stage every time it is hit by another Pokemon's attack as long as this move is chosen for use.",
"Rain Dance","Water","Status",0,true,5,0,"all","For 5 turns, the weather becomes Rain Dance. The damage of Water-type attacks is multiplied by 1.5 and the damage of Fire-type attacks is multiplied by 0.5 during the effect. Lasts for 8 turns if the user is holding Damp Rock. Fails if the current weather is Rain Dance.",
"Rapid Spin","Normal","Physical",20,100,40,0,"normal","If this move is successful, the effects of Leech Seed and binding moves end against the user, and all hazards are removed from the user's side of the field.",
"Razor Leaf","Grass","Physical",55,95,25,0,"allAdjacentFoes","Has a higher chance for a critical hit.",
"Razor Wind","Normal","Special",80,100,10,0,"allAdjacentFoes","Has a higher chance for a critical hit. This attack charges on the first turn and executes on the second.",
"Recover","Normal","Status",0,true,10,0,"self","The user restores 1/2 of its maximum HP, rounded down.",
"Recycle","Normal","Status",0,true,10,0,"self","The user regains the item last used by a Pokemon in its current position on the field, even if that Pokemon was not the user. Fails if the user is holding an item, if no items have been used at the user's position, or if the item was lost to Covet, Knock Off, or Thief. Items thrown with Fling can be regained.",
"Reflect","Psychic","Status",0,true,20,0,"allySide","For 5 turns, the user and its party members take 1/2 damage from physical attacks, or 2/3 damage if there are multiple active Pokemon on the user's side. Critical hits ignore this effect. It is removed from the user's side if the user or an ally is successfully hit by Brick Break or Defog. Lasts for 8 turns if the user is holding Light Clay. Fails if the effect is already active on the user's side.",
"Refresh","Normal","Status",0,true,20,0,"self","The user cures its burn, poison, or paralysis. Fails if the user is not burned, poisoned, or paralyzed.",
"Rest","Psychic","Status",0,true,10,0,"self","The user falls asleep for the next two turns and restores all of its HP, curing itself of any non-volatile status condition in the process. Fails if the user has full HP, is already asleep, or if another effect is preventing sleep.",
"Return","Normal","Physical",0,100,20,0,"normal","Power is equal to the greater of (user's Happiness * 2/5), rounded down, or 1.",
"Revenge","Fighting","Physical",60,100,10,-4,"normal","Power doubles if the user was hit by a Pokemon in the target's current position this turn.",
"Reversal","Fighting","Physical",0,100,15,0,"normal","The power of this move is 20 if X is 43 to 48, 40 if X is 22 to 42, 80 if X is 13 to 21, 100 if X is 6 to 12, 150 if X is 2 to 5, and 200 if X is 0 or 1, where X is equal to (user's current HP * 64 / user's maximum HP), rounded down.",
"Roar","Normal","Status",0,100,20,-6,"normal","The target is forced to switch out and be replaced with a random unfainted ally. Fails if the target is the last unfainted Pokemon in its party, if the target used Ingrain previously or has the Suction Cups Ability, or if the user's level is lower than the target's and X * (user's level + target's level) / 256 + 1 is less than or equal to (target's level / 4), rounded down, where X is a random number from 0 to 255.",
"Roar of Time","Dragon","Special",150,90,5,0,"normal","If this move is successful, the user must recharge on the following turn and cannot select a move.",
"Rock Blast","Rock","Physical",25,80,10,0,"normal","Hits two to five times. Has a 3/8 chance to hit two or three times, and a 1/8 chance to hit four or five times. If one of the hits breaks the target's substitute, it will take damage for the remaining hits. If the user has the Skill Link Ability, this move will always hit five times. If the target has a Focus Sash and had full HP when this move started, it will not be knocked out regardless of the number of hits.",
"Rock Climb","Normal","Physical",90,85,20,0,"normal","Has a 20% chance to confuse the target.",
"Rock Polish","Rock","Status",0,true,20,0,"self","Raises the user's Speed by 2 stages.",
"Rock Slide","Rock","Physical",75,90,10,0,"allAdjacentFoes","Has a 30% chance to make the target flinch.",
"Rock Smash","Fighting","Physical",40,100,15,0,"normal","Has a 50% chance to lower the target's Defense by 1 stage.",
"Rock Throw","Rock","Physical",50,90,15,0,"normal","No additional effect.",
"Rock Tomb","Rock","Physical",50,80,10,0,"normal","Has a 100% chance to lower the target's Speed by 1 stage.",
"Rock Wrecker","Rock","Physical",150,90,5,0,"normal","If this move is successful, the user must recharge on the following turn and cannot select a move.",
"Role Play","Psychic","Status",0,true,10,0,"normal","The user's Ability changes to match the target's Ability. Fails if the user's Ability is Multitype or already matches the target, if the target's Ability is Multitype or Wonder Guard, or if the user is holding a Griseous Orb.",
"Rolling Kick","Fighting","Physical",60,85,15,0,"normal","Has a 30% chance to make the target flinch.",
"Rollout","Rock","Physical",30,90,20,0,"normal","If this move is successful, the user is locked into this move and cannot make another move until it misses, 5 turns have passed, or the attack cannot be used. Power doubles with each successful hit of this move and doubles again if Defense Curl was used previously by the user. If this move is called by Sleep Talk, the move is used for one turn.",
"Roost","Flying","Status",0,true,10,0,"self","The user restores 1/2 of its maximum HP, rounded down. Until the end of the turn, Flying-type users lose their Flying type and pure Flying-type users become typeless. Does nothing if the user's HP is full.",
"Sacred Fire","Fire","Physical",100,95,5,0,"normal","Has a 50% chance to burn the target.",
"Safeguard","Normal","Status",0,true,25,0,"allySide","For 5 turns, the user and its party members cannot have non-volatile status conditions or confusion inflicted on them by other Pokemon. Pokemon on the user's side cannot become affected by Yawn but can fall asleep from its effect. It is removed from the user's side if the user or an ally is successfully hit by Defog. Fails if the effect is already active on the user's side.",
"Sand Attack","Ground","Status",0,100,15,0,"normal","Lowers the target's accuracy by 1 stage.",
"Sand Tomb","Ground","Physical",15,70,15,0,"normal","Prevents the target from switching for two to five turns (always five turns if the user is holding Grip Claw). Causes damage to the target equal to 1/16 of its maximum HP, rounded down, at the end of each turn during effect. The target can still switch out if it is holding Shed Shell or uses Baton Pass or U-turn. The effect ends if either the user or the target leaves the field, or if the target uses Rapid Spin or Substitute successfully. This effect is not stackable or reset by using this or another binding move.",
"Sandstorm","Rock","Status",0,true,10,0,"all","For 5 turns, the weather becomes Sandstorm. At the end of each turn except the last, all active Pokemon lose 1/16 of their maximum HP, rounded down, unless they are a Ground, Rock, or Steel type, or have the Magic Guard or Sand Veil Abilities. During the effect, the Special Defense of Rock-type Pokemon is multiplied by 1.5 when taking damage from a special attack. Lasts for 8 turns if the user is holding Smooth Rock. Fails if the current weather is Sandstorm.",
"Scary Face","Normal","Status",0,90,10,0,"normal","Lowers the target's Speed by 2 stages.",
"Scratch","Normal","Physical",40,100,35,0,"normal","No additional effect.",
"Screech","Normal","Status",0,85,40,0,"normal","Lowers the target's Defense by 2 stages.",
"Secret Power","Normal","Physical",70,100,20,0,"normal","Has a 30% chance to cause a secondary effect on the target based on the battle terrain. Causes paralysis on the regular Wi-Fi terrain.",
"Seed Bomb","Grass","Physical",80,100,15,0,"normal","No additional effect.",
"Seed Flare","Grass","Special",120,85,5,0,"normal","Has a 40% chance to lower the target's Special Defense by 2 stages.",
"Seismic Toss","Fighting","Physical",0,100,20,0,"normal","Deals damage to the target equal to the user's level.",
"Self-Destruct","Normal","Physical",200,100,5,0,"allAdjacent","The user faints after using this move, unless this move has no target. The target's Defense is halved during damage calculation. This move is prevented from executing if any active Pokemon has the Damp Ability.",
"Shadow Ball","Ghost","Special",80,100,15,0,"normal","Has a 20% chance to lower the target's Special Defense by 1 stage.",
"Shadow Claw","Ghost","Physical",70,100,15,0,"normal","Has a higher chance for a critical hit.",
"Shadow Force","Ghost","Physical",120,100,5,0,"normal","If this move is successful, it breaks through the target's Detect or Protect for this turn, allowing other Pokemon to attack the target normally. If the target is an opponent and its side is protected by Quick Guard or Wide Guard, that protection is also broken for this turn and other Pokemon may attack the opponent's side normally. This attack charges on the first turn and executes on the second. On the first turn, the user avoids all attacks. If the user is holding a Power Herb, the move completes in one turn.",
"Shadow Punch","Ghost","Physical",60,true,20,0,"normal","This move does not check accuracy.",
"Shadow Sneak","Ghost","Physical",40,100,30,1,"normal","No additional effect.",
"Sharpen","Normal","Status",0,true,30,0,"self","Raises the user's Attack by 1 stage.",
"Sheer Cold","Ice","Special",0,30,5,0,"normal","Deals damage to the target equal to the target's maximum HP. Ignores accuracy and evasiveness modifiers. This attack's accuracy is equal to (user's level - target's level + 30)%, and fails if the target is at a higher level. Pokemon with the Sturdy Ability are immune.",
"Shock Wave","Electric","Special",60,true,20,0,"normal","This move does not check accuracy.",
"Signal Beam","Bug","Special",75,100,15,0,"normal","Has a 10% chance to confuse the target.",
"Silver Wind","Bug","Special",60,100,5,0,"normal","Has a 10% chance to raise the user's Attack, Defense, Special Attack, Special Defense, and Speed by 1 stage.",
"Sing","Normal","Status",0,55,15,0,"normal","Causes the target to fall asleep.",
"Sketch","Normal","Status",0,true,1,0,"normal","This move is permanently replaced by the last move used by the target. The copied move has the maximum PP for that move. Fails if the target has not made a move, if the user has Transformed, or if the move is Chatter, Sketch, Struggle, or any move the user knows.",
"Skill Swap","Psychic","Status",0,true,10,0,"normal","The user swaps its Ability with the target's Ability. Fails if either the user or the target's Ability is Multitype or Wonder Guard, if both have the same Ability, or if either is holding a Griseous Orb.",
"Skull Bash","Normal","Physical",100,100,15,0,"normal","This attack charges on the first turn and executes on the second. Raises the user's Defense by 1 stage on the first turn. If the user is holding a Power Herb, the move completes in one turn.",
"Sky Attack","Flying","Physical",140,90,5,0,"any","Has a 30% chance to make the target flinch and a higher chance for a critical hit. This attack charges on the first turn and executes on the second. If the user is holding a Power Herb, the move completes in one turn.",
"Sky Uppercut","Fighting","Physical",85,90,15,0,"normal","This move can hit a target using Bounce or Fly.",
"Slack Off","Normal","Status",0,true,10,0,"self","The user restores 1/2 of its maximum HP, rounded down.",
"Slam","Normal","Physical",80,75,20,0,"normal","No additional effect.",
"Slash","Normal","Physical",70,100,20,0,"normal","Has a higher chance for a critical hit.",
"Sleep Powder","Grass","Status",0,75,15,0,"normal","Causes the target to fall asleep.",
"Sleep Talk","Normal","Status",0,true,10,0,"self","One of the user's known moves, besides this move, is selected for use at random. Fails if the user is not asleep. The selected move does not have PP deducted from it, and can currently have 0 PP. This move cannot select Assist, Bide, Chatter, Copycat, Focus Punch, Me First, Metronome, Mirror Move, Sleep Talk, Uproar, or any two-turn move.",
"Sludge","Poison","Special",65,100,20,0,"normal","Has a 30% chance to poison the target.",
"Sludge Bomb","Poison","Special",90,100,10,0,"normal","Has a 30% chance to poison the target.",
"Smelling Salts","Normal","Physical",60,100,10,0,"normal","Power doubles if the target is paralyzed. If this move is successful, the target is cured of paralysis.",
"Smog","Poison","Special",20,70,20,0,"normal","Has a 40% chance to poison the target.",
"Smokescreen","Normal","Status",0,100,20,0,"normal","Lowers the target's accuracy by 1 stage.",
"Snatch","Dark","Status",0,true,10,4,"self","If another Pokemon uses certain non-damaging moves this turn, the user steals that move to use itself. If multiple Pokemon use this move this turn, the applicable moves are stolen by each of those Pokemon in turn order, and only the last user in turn order will gain the effects.",
"Snore","Normal","Special",40,100,15,0,"normal","Has a 30% chance to make the target flinch. Fails if the user is not asleep.",
"Soft-Boiled","Normal","Status",0,true,10,0,"self","The user restores 1/2 of its maximum HP, rounded down.",
"Solar Beam","Grass","Special",120,100,10,0,"normal","This attack charges on the first turn and executes on the second. Damage is halved if the weather is Hail, Rain Dance, or Sandstorm. If the user is holding a Power Herb or the weather is Sunny Day, the move completes in one turn.",
"Sonic Boom","Normal","Special",0,90,20,0,"normal","Deals 20 HP of damage to the target.",
"Spacial Rend","Dragon","Special",100,95,5,0,"normal","Has a higher chance for a critical hit.",
"Spark","Electric","Physical",65,100,20,0,"normal","Has a 30% chance to paralyze the target.",
"Spider Web","Bug","Status",0,true,10,0,"normal","Prevents the target from switching out. The target can still switch out if it is holding Shed Shell or uses Baton Pass or U-turn. If the target leaves the field using Baton Pass, the replacement will remain trapped. The effect ends if the user leaves the field, unless it uses Baton Pass, in which case the target will remain trapped.",
"Spike Cannon","Normal","Physical",20,100,15,0,"normal","Hits two to five times. Has a 3/8 chance to hit two or three times, and a 1/8 chance to hit four or five times. If one of the hits breaks the target's substitute, it will take damage for the remaining hits. If the user has the Skill Link Ability, this move will always hit five times. If the target has a Focus Sash and had full HP when this move started, it will not be knocked out regardless of the number of hits.",
"Spikes","Ground","Status",0,true,20,0,"foeSide","Sets up a hazard on the opposing side of the field, damaging each opposing Pokemon that switches in, unless it is a Flying-type Pokemon or has the Levitate Ability. Can be used up to three times before failing. Opponents lose 1/8 of their maximum HP with one layer, 1/6 of their maximum HP with two layers, and 1/4 of their maximum HP with three layers, all rounded down. Can be removed from the opposing side if any opposing Pokemon uses Rapid Spin successfully, or is hit by Defog.",
"Spit Up","Normal","Special",0,100,10,0,"normal","Power is equal to 100 times the user's Stockpile count. This move does not apply damage variance. Fails if the user's Stockpile count is 0. Unless there is no target, whether or not this move is successful the user's Defense and Special Defense decrease by as many stages as Stockpile had increased them, and the user's Stockpile count resets to 0.",
"Spite","Ghost","Status",0,100,10,0,"normal","Causes the target's last move used to lose 4 PP. Fails if the target has not made a move, if the move has 0 PP, or if it no longer knows the move.",
"Splash","Normal","Status",0,true,40,0,"self","No competitive use.",
"Spore","Grass","Status",0,100,15,0,"normal","Causes the target to fall asleep.",
"Stealth Rock","Rock","Status",0,true,20,0,"foeSide","Sets up a hazard on the opposing side of the field, damaging each opposing Pokemon that switches in. Fails if the effect is already active on the opposing side. Foes lose 1/32, 1/16, 1/8, 1/4, or 1/2 of their maximum HP, rounded down, based on their weakness to the Rock type; 0.25x, 0.5x, neutral, 2x, or 4x, respectively. Can be removed from the opposing side if any opposing Pokemon uses Rapid Spin successfully, or is hit by Defog.",
"Steel Wing","Steel","Physical",70,90,25,0,"normal","Has a 10% chance to raise the user's Defense by 1 stage.",
"Stockpile","Normal","Status",0,true,20,0,"self","Raises the user's Defense and Special Defense by 1 stage. The user's Stockpile count increases by 1. Fails if the user's Stockpile count is 3. The user's Stockpile count is reset to 0 when it is no longer active.",
"Stomp","Normal","Physical",65,100,20,0,"normal","Has a 30% chance to make the target flinch. Power doubles if the target has used Minimize while active.",
"Stone Edge","Rock","Physical",100,80,5,0,"normal","Has a higher chance for a critical hit.",
"Strength","Normal","Physical",80,100,15,0,"normal","No additional effect.",
"String Shot","Bug","Status",0,95,40,0,"allAdjacentFoes","Lowers the target's Speed by 1 stage.",
"Struggle","Normal","Physical",50,true,1,0,"randomNormal","Deals typeless damage to a random opposing Pokemon. If this move was successful, the user loses 1/4 of its maximum HP, rounded down, and the Rock Head Ability does not prevent this. This move is automatically used if none of the user's known moves can be selected.",
"Stun Spore","Grass","Status",0,75,30,0,"normal","Paralyzes the target.",
"Submission","Fighting","Physical",80,80,25,0,"normal","If the target lost HP, the user takes recoil damage equal to 1/4 the HP lost by the target, rounded down, but not less than 1 HP.",
"Substitute","Normal","Status",0,true,10,0,"self","The user takes 1/4 of its maximum HP, rounded down, and puts it into a substitute to take its place in battle. The substitute is removed once enough damage is inflicted on it, or if the user switches out or faints. Baton Pass can be used to transfer the substitute to an ally, and the substitute will keep its remaining HP. Until the substitute is broken, it receives damage from all attacks made by other Pokemon and shields the user from status effects and stat stage changes caused by other Pokemon. The user still takes normal damage from weather and status effects while behind its substitute. If the substitute breaks during a multi-hit attack, the user will take damage from any remaining hits. If a substitute is created while the user is trapped by a binding move, the binding effect ends immediately. Fails if the user does not have enough HP remaining to create a substitute without fainting, or if it already has a substitute.",
"Sucker Punch","Dark","Physical",80,100,5,1,"normal","Fails if the target did not select a physical or special attack for use this turn, or if the target moves before the user.",
"Sunny Day","Fire","Status",0,true,5,0,"all","For 5 turns, the weather becomes Sunny Day. The damage of Fire-type attacks is multiplied by 1.5 and the damage of Water-type attacks is multiplied by 0.5 during the effect. Lasts for 8 turns if the user is holding Heat Rock. Fails if the current weather is Sunny Day.",
"Super Fang","Normal","Physical",0,90,10,0,"normal","Deals damage to the target equal to half of its current HP, rounded down, but not less than 1 HP.",
"Superpower","Fighting","Physical",120,100,5,0,"normal","Lowers the user's Attack and Defense by 1 stage.",
"Supersonic","Normal","Status",0,55,20,0,"normal","Causes the target to become confused.",
"Surf","Water","Special",95,100,15,0,"allAdjacent","Power doubles if the target is using Dive.",
"Swagger","Normal","Status",0,90,15,0,"normal","Raises the target's Attack by 2 stages and confuses it.",
"Swallow","Normal","Status",0,true,10,0,"self","The user restores its HP based on its Stockpile count. Restores 1/4 of its maximum HP if it's 1, 1/2 of its maximum HP if it's 2, both rounded down, and all of its HP if it's 3. Fails if the user's Stockpile count is 0. The user's Defense and Special Defense decrease by as many stages as Stockpile had increased them, and the user's Stockpile count resets to 0.",
"Sweet Kiss","Normal","Status",0,75,10,0,"normal","Causes the target to become confused.",
"Sweet Scent","Normal","Status",0,100,20,0,"allAdjacentFoes","Lowers the target's evasiveness by 1 stage.",
"Swift","Normal","Special",60,true,20,0,"allAdjacentFoes","This move does not check accuracy.",
"Switcheroo","Dark","Status",0,100,10,0,"normal","The user swaps its held item with the target's held item. Fails if either the user or the target is holding a Mail or Griseous Orb, if neither is holding an item, if either has the Multitype Ability, if either is under the effect of Knock Off, or if the target has the Sticky Hold Ability.",
"Swords Dance","Normal","Status",0,true,30,0,"self","Raises the user's Attack by 2 stages.",
"Synthesis","Grass","Status",0,true,5,0,"self","The user restores 1/2 of its maximum HP if no weather conditions are in effect, 2/3 of its maximum HP if the weather is Sunny Day, and 1/4 of its maximum HP if the weather is Hail, Rain Dance, or Sandstorm, all rounded down.",
"Tackle","Normal","Physical",35,95,35,0,"normal","No additional effect.",
"Tail Glow","Bug","Status",0,true,20,0,"self","Raises the user's Special Attack by 2 stages.",
"Tail Whip","Normal","Status",0,100,30,0,"allAdjacentFoes","Lowers the target's Defense by 1 stage.",
"Tailwind","Flying","Status",0,true,30,0,"allySide","For 3 turns, the user and its party members have their Speed doubled. Fails if this move is already in effect for the user's side.",
"Take Down","Normal","Physical",90,85,20,0,"normal","If the target lost HP, the user takes recoil damage equal to 1/4 the HP lost by the target, rounded down, but not less than 1 HP.",
"Taunt","Dark","Status",0,100,20,0,"normal","For 3 to 5 turns, prevents the target from using non-damaging moves.",
"Teeter Dance","Normal","Status",0,100,20,0,"allAdjacent","Causes the target to become confused.",
"Teleport","Psychic","Status",0,true,20,0,"self","Fails when used.",
"Thief","Dark","Physical",40,100,10,0,"normal","If this attack was successful and the user has not fainted, it steals the target's held item if the user is not holding one. The target's item is not stolen if it is a Mail or Griseous Orb, or if the target has the Multitype Ability. Items lost to this move cannot be regained with Recycle.",
"Thrash","Normal","Physical",90,100,20,0,"randomNormal","The user spends two or three turns locked into this move and becomes confused at the end of the last turn of the effect if it is not already. This move targets an opposing Pokemon at random on each turn. If the user is prevented from moving, is asleep at the beginning of a turn, or the attack is not successful against the target, the effect ends without causing confusion. If this move is called by Sleep Talk, the move is used for one turn and does not confuse the user.",
"Thunder","Electric","Special",120,70,10,0,"normal","Has a 30% chance to paralyze the target. This move can hit a target using Bounce or Fly. If the weather is Rain Dance, this move does not check accuracy. If the weather is Sunny Day, this move's accuracy is 50%.",
"Thunder Fang","Electric","Physical",65,95,15,0,"normal","Has a 10% chance to paralyze the target and a 10% chance to make it flinch.",
"Thunder Punch","Electric","Physical",75,100,15,0,"normal","Has a 10% chance to paralyze the target.",
"Thunder Shock","Electric","Special",40,100,30,0,"normal","Has a 10% chance to paralyze the target.",
"Thunder Wave","Electric","Status",0,100,20,0,"normal","Paralyzes the target. This move does not ignore type immunity.",
"Thunderbolt","Electric","Special",95,100,15,0,"normal","Has a 10% chance to paralyze the target.",
"Tickle","Normal","Status",0,100,20,0,"normal","Lowers the target's Attack and Defense by 1 stage.",
"Torment","Dark","Status",0,100,15,0,"normal","Prevents the target from selecting the same move for use two turns in a row. This effect ends when the target is no longer active.",
"Toxic","Poison","Status",0,85,10,0,"normal","Badly poisons the target.",
"Toxic Spikes","Poison","Status",0,true,20,0,"foeSide","Sets up a hazard on the opposing side of the field, poisoning each opposing Pokemon that switches in, unless it is a Flying-type Pokemon or has the Levitate Ability. Can be used up to two times before failing. Opposing Pokemon become poisoned with one layer and badly poisoned with two layers. Can be removed from the opposing side if any opposing Pokemon uses Rapid Spin successfully, is hit by Defog, or a grounded Poison-type Pokemon switches in. Safeguard prevents the opposing party from being poisoned on switch-in, as well as switching in with a substitute.",
"Transform","Normal","Status",0,true,10,0,"normal","The user transforms into the target. The target's current stats, stat stages, types, moves, Ability, weight, IVs, species, and sprite are copied. The user's level and HP remain the same and each copied move receives only 5 PP. This move fails if the target has transformed.",
"Tri Attack","Normal","Special",80,100,10,0,"normal","Has a 20% chance to either burn, freeze, or paralyze the target.",
"Trick","Psychic","Status",0,100,10,0,"normal","The user swaps its held item with the target's held item. Fails if either the user or the target is holding a Mail or Griseous Orb, if neither is holding an item, if either has the Multitype Ability, if either is under the effect of Knock Off, or if the target has the Sticky Hold Ability.",
"Trick Room","Psychic","Status",0,true,5,-7,"all","For 5 turns, all active Pokemon with lower Speed will move before those with higher Speed, within their priority brackets. If this move is used during the effect, the effect ends.",
"Triple Kick","Fighting","Physical",10,90,10,0,"normal","Hits three times. Power increases to 20 for the second hit and 30 for the third. This move checks accuracy for each hit, and the attack ends if the target avoids a hit. If one of the hits breaks the target's substitute, it will take damage for the remaining hits. If the target has a Focus Sash and had full HP when this move started, it will not be knocked out regardless of the number of hits.",
"Trump Card","Normal","Special",0,true,5,0,"normal","The power of this move is based on the amount of PP remaining after normal PP reduction and the Pressure Ability resolve. 200 power for 0 PP, 80 power for 1 PP, 60 power for 2 PP, 50 power for 3 PP, and 40 power for 4 or more PP.",
"Twineedle","Bug","Physical",25,100,20,0,"normal","Hits twice, with each hit having a 20% chance to poison the target. If the first hit breaks the target's substitute, it will take damage for the second hit. If the target has a Focus Sash and had full HP when this move started, it will not be knocked out regardless of the number of hits.",
"Twister","Dragon","Special",40,100,20,0,"allAdjacentFoes","Has a 20% chance to make the target flinch. Power doubles if the target is using Bounce or Fly.",
"U-turn","Bug","Physical",70,100,20,0,"normal","If this move is successful and the user has not fainted, the user switches out even if it is trapped and is replaced immediately by a selected party member. The user does not switch out if there are no unfainted party members.",
"Uproar","Normal","Special",50,100,10,0,"randomNormal","The user spends three to six turns locked into this move. This move targets an opponent at random on each turn. During effect, no active Pokemon can fall asleep by any means, and Pokemon that are already asleep wake up as their turn starts or at the end of each turn, including the last one. If the user is prevented from moving or the attack is not successful against the target during one of the turns, the effect ends.",
"Vacuum Wave","Fighting","Special",40,100,30,1,"normal","No additional effect.",
"Vine Whip","Grass","Physical",35,100,15,0,"normal","No additional effect.",
"Vise Grip","Normal","Physical",55,100,30,0,"normal","No additional effect.",
"Vital Throw","Fighting","Physical",70,true,10,-1,"normal","This move does not check accuracy.",
"Volt Tackle","Electric","Physical",120,100,15,0,"normal","Has a 10% chance to paralyze the target. If the target lost HP, the user takes recoil damage equal to 1/3 the HP lost by the target, rounded down, but not less than 1 HP.",
"Wake-Up Slap","Fighting","Physical",60,100,10,0,"normal","Power doubles if the target is asleep. If this move is successful, the target wakes up.",
"Water Gun","Water","Special",40,100,25,0,"normal","No additional effect.",
"Water Pulse","Water","Special",60,100,20,0,"any","Has a 20% chance to confuse the target.",
"Water Sport","Water","Status",0,true,15,0,"all","While the user is active, all Fire-type attacks used by any active Pokemon have their power halved. Fails if this effect is already active for the user. Baton Pass can be used to transfer this effect to an ally.",
"Water Spout","Water","Special",150,100,5,0,"allAdjacentFoes","Power is equal to (user's current HP * 150 / user's maximum HP), rounded down, but not less than 1.",
"Waterfall","Water","Physical",80,100,15,0,"normal","Has a 20% chance to make the target flinch.",
"Weather Ball","Normal","Special",50,100,10,0,"normal","Power doubles if a weather condition is active, and this move's type changes to match. Ice type during Hail, Water type during Rain Dance, Rock type during Sandstorm, and Fire type during Sunny Day.",
"Whirlpool","Water","Special",15,70,15,0,"normal","Prevents the target from switching for two to five turns (always five turns if the user is holding Grip Claw). Causes damage to the target equal to 1/16 of its maximum HP, rounded down, at the end of each turn during effect. The target can still switch out if it is holding Shed Shell or uses Baton Pass or U-turn. The effect ends if either the user or the target leaves the field, or if the target uses Rapid Spin or Substitute successfully. This effect is not stackable or reset by using this or another binding move.",
"Whirlwind","Normal","Status",0,100,20,-6,"normal","The target is forced to switch out and be replaced with a random unfainted ally. Fails if the target is the last unfainted Pokemon in its party, if the target used Ingrain previously or has the Suction Cups Ability, or if the user's level is lower than the target's and X * (user's level + target's level) / 256 + 1 is less than or equal to (target's level / 4), rounded down, where X is a random number from 0 to 255.",
"Will-O-Wisp","Fire","Status",0,75,15,0,"normal","Burns the target.",
"Wing Attack","Flying","Physical",60,100,35,0,"any","No additional effect.",
"Wish","Normal","Status",0,true,10,0,"self","At the end of the next turn, the Pokemon at the user's position has 1/2 of its maximum HP restored to it, rounded down. Fails if this move is already in effect for the user's position.",
"Withdraw","Water","Status",0,true,40,0,"self","Raises the user's Defense by 1 stage.",
"Wood Hammer","Grass","Physical",120,100,15,0,"normal","If the target lost HP, the user takes recoil damage equal to 1/3 the HP lost by the target, rounded down, but not less than 1 HP.",
"Worry Seed","Grass","Status",0,100,10,0,"normal","Causes the target's Ability to become Insomnia. Fails if the target's Ability is Multitype or Truant, or if the target is holding a Griseous Orb.",
"Wrap","Normal","Physical",15,85,20,0,"normal","Prevents the target from switching for two to five turns (always five turns if the user is holding Grip Claw). Causes damage to the target equal to 1/16 of its maximum HP, rounded down, at the end of each turn during effect. The target can still switch out if it is holding Shed Shell or uses Baton Pass or U-turn. The effect ends if either the user or the target leaves the field, or if the target uses Rapid Spin or Substitute successfully. This effect is not stackable or reset by using this or another binding move.",
"Wring Out","Normal","Special",0,100,5,0,"normal","Power is equal to 120 * (target's current HP / target's maximum HP) + 1, rounded down.",
"X-Scissor","Bug","Physical",80,100,15,0,"normal","No additional effect.",
"Yawn","Normal","Status",0,true,10,0,"normal","Causes the target to fall asleep at the end of the next turn. Fails when used if the target cannot fall asleep or if it already has a non-volatile status condition. At the end of the next turn, if the target is still active, does not have a non-volatile status condition, and can fall asleep, it falls asleep. If the target becomes affected, this effect cannot be prevented by Safeguard or a substitute, or by falling asleep and waking up during the effect.",
"Zap Cannon","Electric","Special",120,50,5,0,"normal","Has a 100% chance to paralyze the target.",
"Zen Headbutt","Psychic","Physical",80,90,15,0,"normal","Has a 20% chance to make the target flinch.",
