1,"Bulbasaur","Grass","Poison",45,49,49,65,65,45,318,"Overgrow","","Chlorophyll","",
2,"Ivysaur","Grass","Poison",60,62,63,80,80,60,405,"Overgrow","","Chlorophyll","",
3,"Venusaur","Grass","Poison",80,82,83,100,100,80,525,"Overgrow","","Chlorophyll","",
4,"Charmander","Fire","",39,52,43,60,50,65,309,"Blaze","","Solar Power","",
5,"Charmeleon","Fire","",58,64,58,80,65,80,405,"Blaze","","Solar Power","",
6,"Charizard","Fire","Flying",78,84,78,109,85,100,534,"Blaze","","Solar Power","",
7,"Squirtle","Water","",44,48,65,50,64,43,314,"Torrent","","Rain Dish","",
8,"Wartortle","Water","",59,63,80,65,80,58,405,"Torrent","","Rain Dish","",
9,"Blastoise","Water","",79,83,100,85,105,78,530,"Torrent","","Rain Dish","",
23,"Ekans","Poison","",35,60,44,40,54,55,288,"Intimidate","Shed Skin","Unnerve","",
24,"Arbok","Poison","",60,95,69,65,79,80,448,"Intimidate","Shed Skin","Unnerve","",
25,"Pikachu","Electric","",35,55,40,50,50,90,320,"Static","","Lightning Rod","",
25,"Pikachu-Original","Electric","",35,55,40,50,50,90,320,"Static","","Lightning Rod","",
25,"Pikachu-Hoenn","Electric","",35,55,40,50,50,90,320,"Static","","Lightning Rod","",
25,"Pikachu-Sinnoh","Electric","",35,55,40,50,50,90,320,"Static","","Lightning Rod","",
25,"Pikachu-Unova","Electric","",35,55,40,50,50,90,320,"Static","","Lightning Rod","",
25,"Pikachu-Kalos","Electric","",35,55,40,50,50,90,320,"Static","","Lightning Rod","",
25,"Pikachu-Alola","Electric","",35,55,40,50,50,90,320,"Static","","Lightning Rod","",
25,"Pikachu-Partner","Electric","",35,55,40,50,50,90,320,"Static","","Lightning Rod","",
25,"Pikachu-World","Electric","",35,55,40,50,50,90,320,"Static","","Lightning Rod","",
26,"Raichu","Electric","",60,90,55,90,80,110,485,"Static","","Lightning Rod","",
26,"Raichu-Alola","Electric","Psychic",60,85,50,95,85,110,485,"Surge Surfer","","","",
27,"Sandshrew","Ground","",50,75,85,20,30,40,300,"Sand Veil","","Sand Rush","",
27,"Sandshrew-Alola","Ice","Steel",50,75,90,10,35,40,300,"Snow Cloak","","Slush Rush","",
28,"Sandslash","Ground","",75,100,110,45,55,65,450,"Sand Veil","","Sand Rush","",
28,"Sandslash-Alola","Ice","Steel",75,100,120,25,65,65,450,"Snow Cloak","","Slush Rush","",
35,"Clefairy","Fairy","",70,45,48,60,65,35,323,"Cute Charm","Magic Guard","Friend Guard","",
36,"Clefable","Fairy","",95,70,73,95,90,60,483,"Cute Charm","Magic Guard","Unaware","",
37,"Vulpix","Fire","",38,41,40,50,65,65,299,"Flash Fire","","Drought","",
37,"Vulpix-Alola","Ice","",38,41,40,50,65,65,299,"Snow Cloak","","Snow Warning","",
38,"Ninetales","Fire","",73,76,75,81,100,100,505,"Flash Fire","","Drought","",
38,"Ninetales-Alola","Ice","Fairy",73,67,75,81,100,109,505,"Snow Cloak","","Snow Warning","",
39,"Jigglypuff","Normal","Fairy",115,45,20,45,25,20,270,"Cute Charm","Competitive","Friend Guard","",
40,"Wigglytuff","Normal","Fairy",140,70,45,85,50,45,435,"Cute Charm","Competitive","Frisk","",
43,"Oddish","Grass","Poison",45,50,55,75,65,30,320,"Chlorophyll","","Run Away","",
44,"Gloom","Grass","Poison",60,65,70,85,75,40,395,"Chlorophyll","","Stench","",
45,"Vileplume","Grass","Poison",75,80,85,110,90,50,490,"Chlorophyll","","Effect Spore","",
48,"Venonat","Bug","Poison",60,55,50,40,55,45,305,"Compound Eyes","Tinted Lens","Run Away","",
49,"Venomoth","Bug","Poison",70,65,60,90,75,90,450,"Shield Dust","Tinted Lens","Wonder Skin","",
50,"Diglett","Ground","",10,55,25,35,45,95,265,"Sand Veil","Arena Trap","Sand Force","",
50,"Diglett-Alola","Ground","Steel",10,55,30,35,45,90,265,"Sand Veil","Tangling Hair","Sand Force","",
51,"Dugtrio","Ground","",35,100,50,50,70,120,425,"Sand Veil","Arena Trap","Sand Force","",
51,"Dugtrio-Alola","Ground","Steel",35,100,60,50,70,110,425,"Sand Veil","Tangling Hair","Sand Force","",
52,"Meowth","Normal","",40,45,35,40,40,90,290,"Pickup","Technician","Unnerve","",
52,"Meowth-Alola","Dark","",40,35,35,50,40,90,290,"Pickup","Technician","Rattled","",
52,"Meowth-Galar","Steel","",50,65,55,40,40,40,290,"Pickup","Tough Claws","Unnerve","",
53,"Persian","Normal","",65,70,60,65,65,115,440,"Limber","Technician","Unnerve","",
53,"Persian-Alola","Dark","",65,60,60,75,65,115,440,"Fur Coat","Technician","Rattled","",
54,"Psyduck","Water","",50,52,48,65,50,55,320,"Damp","Cloud Nine","Swift Swim","",
55,"Golduck","Water","",80,82,78,95,80,85,500,"Damp","Cloud Nine","Swift Swim","",
56,"Mankey","Fighting","",40,80,35,35,45,70,305,"Vital Spirit","Anger Point","Defiant","",
57,"Primeape","Fighting","",65,105,60,60,70,95,455,"Vital Spirit","Anger Point","Defiant","",
58,"Growlithe","Fire","",55,70,45,70,50,60,350,"Intimidate","Flash Fire","Justified","",
58,"Growlithe-Hisui","Fire","Rock",60,75,45,65,50,55,350,"Intimidate","Flash Fire","Rock Head","",
59,"Arcanine","Fire","",90,110,80,100,80,95,555,"Intimidate","Flash Fire","Justified","",
59,"Arcanine-Hisui","Fire","Rock",95,115,80,95,80,90,555,"Intimidate","Flash Fire","Rock Head","",
60,"Poliwag","Water","",40,50,40,40,40,90,300,"Water Absorb","Damp","Swift Swim","",
61,"Poliwhirl","Water","",65,65,65,50,50,90,385,"Water Absorb","Damp","Swift Swim","",
62,"Poliwrath","Water","Fighting",90,95,95,70,90,70,510,"Water Absorb","Damp","Swift Swim","",
69,"Bellsprout","Grass","Poison",50,75,35,70,30,40,300,"Chlorophyll","","Gluttony","",
70,"Weepinbell","Grass","Poison",65,90,50,85,45,55,390,"Chlorophyll","","Gluttony","",
71,"Victreebel","Grass","Poison",80,105,65,100,70,70,490,"Chlorophyll","","Gluttony","",
72,"Tentacool","Water","Poison",40,40,35,50,100,70,335,"Clear Body","Liquid Ooze","Rain Dish","",
73,"Tentacruel","Water","Poison",80,70,65,80,120,100,515,"Clear Body","Liquid Ooze","Rain Dish","",
74,"Geodude","Rock","Ground",40,80,100,30,30,20,300,"Rock Head","Sturdy","Sand Veil","",
74,"Geodude-Alola","Rock","Electric",40,80,100,30,30,20,300,"Magnet Pull","Sturdy","Galvanize","",
75,"Graveler","Rock","Ground",55,95,115,45,45,35,390,"Rock Head","Sturdy","Sand Veil","",
75,"Graveler-Alola","Rock","Electric",55,95,115,45,45,35,390,"Magnet Pull","Sturdy","Galvanize","",
76,"Golem","Rock","Ground",80,120,130,55,65,45,495,"Rock Head","Sturdy","Sand Veil","",
76,"Golem-Alola","Rock","Electric",80,120,130,55,65,45,495,"Magnet Pull","Sturdy","Galvanize","",
79,"Slowpoke","Water","Psychic",90,65,65,40,40,15,315,"Oblivious","Own Tempo","Regenerator","",
79,"Slowpoke-Galar","Psychic","",90,65,65,40,40,15,315,"Gluttony","Own Tempo","Regenerator","",
80,"Slowbro","Water","Psychic",95,75,110,100,80,30,490,"Oblivious","Own Tempo","Regenerator","",
80,"Slowbro-Galar","Poison","Psychic",95,100,95,100,70,30,490,"Quick Draw","Own Tempo","Regenerator","",
81,"Magnemite","Electric","Steel",25,35,70,95,55,45,325,"Magnet Pull","Sturdy","Analytic","",
82,"Magneton","Electric","Steel",50,60,95,120,70,70,465,"Magnet Pull","Sturdy","Analytic","",
84,"Doduo","Normal","Flying",35,85,45,35,35,75,310,"Run Away","Early Bird","Tangled Feet","",
85,"Dodrio","Normal","Flying",60,110,70,60,60,110,470,"Run Away","Early Bird","Tangled Feet","",
86,"Seel","Water","",65,45,55,45,70,45,325,"Thick Fat","Hydration","Ice Body","",
87,"Dewgong","Water","Ice",90,70,80,70,95,70,475,"Thick Fat","Hydration","Ice Body","",
88,"Grimer","Poison","",80,80,50,40,50,25,325,"Stench","Sticky Hold","Poison Touch","",
88,"Grimer-Alola","Poison","Dark",80,80,50,40,50,25,325,"Poison Touch","Gluttony","Power of Alchemy","",
89,"Muk","Poison","",105,105,75,65,100,50,500,"Stench","Sticky Hold","Poison Touch","",
89,"Muk-Alola","Poison","Dark",105,105,75,65,100,50,500,"Poison Touch","Gluttony","Power of Alchemy","",
90,"Shellder","Water","",30,65,100,45,25,40,305,"Shell Armor","Skill Link","Overcoat","",
91,"Cloyster","Water","Ice",50,95,180,85,45,70,525,"Shell Armor","Skill Link","Overcoat","",
92,"Gastly","Ghost","Poison",30,35,30,100,35,80,310,"Levitate","","","",
93,"Haunter","Ghost","Poison",45,50,45,115,55,95,405,"Levitate","","","",
94,"Gengar","Ghost","Poison",60,65,60,130,75,110,500,"Cursed Body","","","",
96,"Drowzee","Psychic","",60,48,45,43,90,42,328,"Insomnia","Forewarn","Inner Focus","",
97,"Hypno","Psychic","",85,73,70,73,115,67,483,"Insomnia","Forewarn","Inner Focus","",
100,"Voltorb","Electric","",40,30,50,55,55,100,330,"Soundproof","Static","Aftermath","",
100,"Voltorb-Hisui","Electric","Grass",40,30,50,55,55,100,330,"Soundproof","Static","Aftermath","",
101,"Electrode","Electric","",60,50,70,80,80,150,490,"Soundproof","Static","Aftermath","",
101,"Electrode-Hisui","Electric","Grass",60,50,70,80,80,150,490,"Soundproof","Static","Aftermath","",
102,"Exeggcute","Grass","Psychic",60,40,80,60,45,40,325,"Chlorophyll","","Harvest","",
103,"Exeggutor","Grass","Psychic",95,95,85,125,75,55,530,"Chlorophyll","","Harvest","",
103,"Exeggutor-Alola","Grass","Dragon",95,105,85,125,75,45,530,"Frisk","","Harvest","",
106,"Hitmonlee","Fighting","",50,120,53,35,110,87,455,"Limber","Reckless","Unburden","",
107,"Hitmonchan","Fighting","",50,105,79,35,110,76,455,"Keen Eye","Iron Fist","Inner Focus","",
109,"Koffing","Poison","",40,65,95,60,45,35,340,"Levitate","Neutralizing Gas","Stench","",
110,"Weezing","Poison","",65,90,120,85,70,60,490,"Levitate","Neutralizing Gas","Stench","",
110,"Weezing-Galar","Poison","Fairy",65,90,120,85,70,60,490,"Levitate","Neutralizing Gas","Misty Surge","",
111,"Rhyhorn","Ground","Rock",80,85,95,30,30,25,345,"Lightning Rod","Rock Head","Reckless","",
112,"Rhydon","Ground","Rock",105,130,120,45,45,40,485,"Lightning Rod","Rock Head","Reckless","",
113,"Chansey","Normal","",250,5,5,35,105,50,450,"Natural Cure","Serene Grace","Healer","",
116,"Horsea","Water","",30,40,70,70,25,60,295,"Swift Swim","Sniper","Damp","",
117,"Seadra","Water","",55,65,95,95,45,85,440,"Poison Point","Sniper","Damp","",
123,"Scyther","Bug","Flying",70,110,80,55,80,105,500,"Swarm","Technician","Steadfast","",
125,"Electabuzz","Electric","",65,83,57,95,85,105,490,"Static","","Vital Spirit","",
126,"Magmar","Fire","",65,95,57,100,85,93,495,"Flame Body","","Vital Spirit","",
128,"Tauros","Normal","",75,100,95,40,70,110,490,"Intimidate","Anger Point","Sheer Force","",
128,"Tauros-Paldea-Combat","Fighting","",75,110,105,30,70,100,490,"Intimidate","Anger Point","Cud Chew","",
128,"Tauros-Paldea-Blaze","Fighting","Fire",75,110,105,30,70,100,490,"Intimidate","Anger Point","Cud Chew","",
128,"Tauros-Paldea-Aqua","Fighting","Water",75,110,105,30,70,100,490,"Intimidate","Anger Point","Cud Chew","",
129,"Magikarp","Water","",20,10,55,15,20,80,200,"Swift Swim","","Rattled","",
130,"Gyarados","Water","Flying",95,125,79,60,100,81,540,"Intimidate","","Moxie","",
131,"Lapras","Water","Ice",130,85,80,85,95,60,535,"Water Absorb","Shell Armor","Hydration","",
132,"Ditto","Normal","",48,48,48,48,48,48,288,"Limber","","Imposter","",
133,"Eevee","Normal","",55,55,50,45,65,55,325,"Run Away","Adaptability","Anticipation","",
134,"Vaporeon","Water","",130,65,60,110,95,65,525,"Water Absorb","","Hydration","",
135,"Jolteon","Electric","",65,65,60,110,95,130,525,"Volt Absorb","","Quick Feet","",
136,"Flareon","Fire","",65,130,60,95,110,65,525,"Flash Fire","","Guts","",
137,"Porygon","Normal","",65,60,70,85,75,40,395,"Trace","Download","Analytic","",
143,"Snorlax","Normal","",160,110,65,65,110,30,540,"Immunity","Thick Fat","Gluttony","",
144,"Articuno","Ice","Flying",90,85,100,95,125,85,580,"Pressure","","Snow Cloak","",
144,"Articuno-Galar","Psychic","Flying",90,85,85,125,100,95,580,"Competitive","","","",
145,"Zapdos","Electric","Flying",90,90,85,125,90,100,580,"Pressure","","Static","",
145,"Zapdos-Galar","Fighting","Flying",90,125,90,85,90,100,580,"Defiant","","","",
146,"Moltres","Fire","Flying",90,100,90,125,85,90,580,"Pressure","","Flame Body","",
146,"Moltres-Galar","Dark","Flying",90,85,90,100,125,90,580,"Berserk","","","",
147,"Dratini","Dragon","",41,64,45,50,50,50,300,"Shed Skin","","Marvel Scale","",
148,"Dragonair","Dragon","",61,84,65,70,70,70,420,"Shed Skin","","Marvel Scale","",
149,"Dragonite","Dragon","Flying",91,134,95,100,100,80,600,"Inner Focus","","Multiscale","",
150,"Mewtwo","Psychic","",106,110,90,154,90,130,680,"Pressure","","Unnerve","",
151,"Mew","Psychic","",100,100,100,100,100,100,600,"Synchronize","","","",
152,"Chikorita","Grass","",45,49,65,49,65,45,318,"Overgrow","","Leaf Guard","",
153,"Bayleef","Grass","",60,62,80,63,80,60,405,"Overgrow","","Leaf Guard","",
154,"Meganium","Grass","",80,82,100,83,100,80,525,"Overgrow","","Leaf Guard","",
155,"Cyndaquil","Fire","",39,52,43,60,50,65,309,"Blaze","","Flash Fire","",
156,"Quilava","Fire","",58,64,58,80,65,80,405,"Blaze","","Flash Fire","",
157,"Typhlosion","Fire","",78,84,78,109,85,100,534,"Blaze","","Flash Fire","",
157,"Typhlosion-Hisui","Fire","Ghost",73,84,78,119,85,95,534,"Blaze","","Frisk","",
158,"Totodile","Water","",50,65,64,44,48,43,314,"Torrent","","Sheer Force","",
159,"Croconaw","Water","",65,80,80,59,63,58,405,"Torrent","","Sheer Force","",
160,"Feraligatr","Water","",85,105,100,79,83,78,530,"Torrent","","Sheer Force","",
161,"Sentret","Normal","",35,46,34,35,45,20,215,"Run Away","Keen Eye","Frisk","",
162,"Furret","Normal","",85,76,64,45,55,90,415,"Run Away","Keen Eye","Frisk","",
163,"Hoothoot","Normal","Flying",60,30,30,36,56,50,262,"Insomnia","Keen Eye","Tinted Lens","",
164,"Noctowl","Normal","Flying",100,50,50,86,96,70,452,"Insomnia","Keen Eye","Tinted Lens","",
167,"Spinarak","Bug","Poison",40,60,40,40,40,30,250,"Swarm","Insomnia","Sniper","",
168,"Ariados","Bug","Poison",70,90,70,60,70,40,400,"Swarm","Insomnia","Sniper","",
170,"Chinchou","Water","Electric",75,38,38,56,56,67,330,"Volt Absorb","Illuminate","Water Absorb","",
171,"Lanturn","Water","Electric",125,58,58,76,76,67,460,"Volt Absorb","Illuminate","Water Absorb","",
172,"Pichu","Electric","",20,40,15,35,35,60,205,"Static","","Lightning Rod","",
173,"Cleffa","Fairy","",50,25,28,45,55,15,218,"Cute Charm","Magic Guard","Friend Guard","",
174,"Igglybuff","Normal","Fairy",90,30,15,40,20,15,210,"Cute Charm","Competitive","Friend Guard","",
179,"Mareep","Electric","",55,40,40,65,45,35,280,"Static","","Plus","",
180,"Flaaffy","Electric","",70,55,55,80,60,45,365,"Static","","Plus","",
181,"Ampharos","Electric","",90,75,85,115,90,55,510,"Static","","Plus","",
182,"Bellossom","Grass","",75,80,95,90,100,50,490,"Chlorophyll","","Healer","",
183,"Marill","Water","Fairy",70,20,50,20,50,40,250,"Thick Fat","Huge Power","Sap Sipper","",
184,"Azumarill","Water","Fairy",100,50,80,60,80,50,420,"Thick Fat","Huge Power","Sap Sipper","",
185,"Sudowoodo","Rock","",70,100,115,30,65,30,410,"Sturdy","Rock Head","Rattled","",
186,"Politoed","Water","",90,75,75,90,100,70,500,"Water Absorb","Damp","Drizzle","",
187,"Hoppip","Grass","Flying",35,35,40,35,55,50,250,"Chlorophyll","Leaf Guard","Infiltrator","",
188,"Skiploom","Grass","Flying",55,45,50,45,65,80,340,"Chlorophyll","Leaf Guard","Infiltrator","",
189,"Jumpluff","Grass","Flying",75,55,70,55,95,110,460,"Chlorophyll","Leaf Guard","Infiltrator","",
190,"Aipom","Normal","",55,70,55,40,55,85,360,"Run Away","Pickup","Skill Link","",
191,"Sunkern","Grass","",30,30,30,30,30,30,180,"Chlorophyll","Solar Power","Early Bird","",
192,"Sunflora","Grass","",75,75,55,105,85,30,425,"Chlorophyll","Solar Power","Early Bird","",
193,"Yanma","Bug","Flying",65,65,45,75,45,95,390,"Speed Boost","Compound Eyes","Frisk","",
194,"Wooper","Water","Ground",55,45,45,25,25,15,210,"Damp","Water Absorb","Unaware","",
194,"Wooper-Paldea","Poison","Ground",55,45,45,25,25,15,210,"Poison Point","Water Absorb","Unaware","",
195,"Quagsire","Water","Ground",95,85,85,65,65,35,430,"Damp","Water Absorb","Unaware","",
196,"Espeon","Psychic","",65,65,60,130,95,110,525,"Synchronize","","Magic Bounce","",
197,"Umbreon","Dark","",95,65,110,60,130,65,525,"Synchronize","","Inner Focus","",
198,"Murkrow","Dark","Flying",60,85,42,85,42,91,405,"Insomnia","Super Luck","Prankster","",
199,"Slowking","Water","Psychic",95,75,80,100,110,30,490,"Oblivious","Own Tempo","Regenerator","",
199,"Slowking-Galar","Poison","Psychic",95,65,80,110,110,30,490,"Curious Medicine","Own Tempo","Regenerator","",
200,"Misdreavus","Ghost","",60,60,60,85,85,85,435,"Levitate","","","",
203,"Girafarig","Normal","Psychic",70,80,65,90,65,85,455,"Inner Focus","Early Bird","Sap Sipper","",
204,"Pineco","Bug","",50,65,90,35,35,15,290,"Sturdy","","Overcoat","",
205,"Forretress","Bug","Steel",75,90,140,60,60,40,465,"Sturdy","","Overcoat","",
206,"Dunsparce","Normal","",100,70,70,65,65,45,415,"Serene Grace","Run Away","Rattled","",
207,"Gligar","Ground","Flying",65,75,105,35,65,85,430,"Hyper Cutter","Sand Veil","Immunity","",
209,"Snubbull","Fairy","",60,80,50,40,40,30,300,"Intimidate","Run Away","Rattled","",
210,"Granbull","Fairy","",90,120,75,60,60,45,450,"Intimidate","Quick Feet","Rattled","",
211,"Qwilfish","Water","Poison",65,95,85,55,55,85,440,"Poison Point","Swift Swim","Intimidate","",
211,"Qwilfish-Hisui","Dark","Poison",65,95,85,55,55,85,440,"Poison Point","Swift Swim","Intimidate","",
212,"Scizor","Bug","Steel",70,130,100,55,80,65,500,"Swarm","Technician","Light Metal","",
214,"Heracross","Bug","Fighting",80,125,75,40,95,85,500,"Swarm","Guts","Moxie","",
215,"Sneasel","Dark","Ice",55,95,55,35,75,115,430,"Inner Focus","Keen Eye","Pickpocket","",
215,"Sneasel-Hisui","Fighting","Poison",55,95,55,35,75,115,430,"Inner Focus","Keen Eye","Pickpocket","",
216,"Teddiursa","Normal","",60,80,50,50,50,40,330,"Pickup","Quick Feet","Honey Gather","",
217,"Ursaring","Normal","",90,130,75,75,75,55,500,"Guts","Quick Feet","Unnerve","",
218,"Slugma","Fire","",40,40,40,70,40,20,250,"Magma Armor","Flame Body","Weak Armor","",
219,"Magcargo","Fire","Rock",60,50,120,90,80,30,430,"Magma Armor","Flame Body","Weak Armor","",
220,"Swinub","Ice","Ground",50,50,40,30,30,50,250,"Oblivious","Snow Cloak","Thick Fat","",
221,"Piloswine","Ice","Ground",100,100,80,60,60,50,450,"Oblivious","Snow Cloak","Thick Fat","",
225,"Delibird","Ice","Flying",45,55,45,65,45,75,330,"Vital Spirit","Hustle","Insomnia","",
227,"Skarmory","Steel","Flying",65,80,140,40,70,70,465,"Keen Eye","Sturdy","Weak Armor","",
228,"Houndour","Dark","Fire",45,60,30,80,50,65,330,"Early Bird","Flash Fire","Unnerve","",
229,"Houndoom","Dark","Fire",75,90,50,110,80,95,500,"Early Bird","Flash Fire","Unnerve","",
230,"Kingdra","Water","Dragon",75,95,95,95,95,85,540,"Swift Swim","Sniper","Damp","",
231,"Phanpy","Ground","",90,60,60,40,40,40,330,"Pickup","","Sand Veil","",
232,"Donphan","Ground","",90,120,120,60,60,50,500,"Sturdy","","Sand Veil","",
233,"Porygon2","Normal","",85,80,90,105,95,60,515,"Trace","Download","Analytic","",
234,"Stantler","Normal","",73,95,62,85,65,85,465,"Intimidate","Frisk","Sap Sipper","",
235,"Smeargle","Normal","",55,20,35,20,45,75,250,"Own Tempo","Technician","Moody","",
236,"Tyrogue","Fighting","",35,35,35,35,35,35,210,"Guts","Steadfast","Vital Spirit","",
237,"Hitmontop","Fighting","",50,95,95,35,110,70,455,"Intimidate","Technician","Steadfast","",
239,"Elekid","Electric","",45,63,37,65,55,95,360,"Static","","Vital Spirit","",
240,"Magby","Fire","",45,75,37,70,55,83,365,"Flame Body","","Vital Spirit","",
242,"Blissey","Normal","",255,10,10,75,135,55,540,"Natural Cure","Serene Grace","Healer","",
243,"Raikou","Electric","",90,85,75,115,100,115,580,"Pressure","","Inner Focus","",
244,"Entei","Fire","",115,115,85,90,75,100,580,"Pressure","","Inner Focus","",
245,"Suicune","Water","",100,75,115,90,115,85,580,"Pressure","","Inner Focus","",
246,"Larvitar","Rock","Ground",50,64,50,45,50,41,300,"Guts","","Sand Veil","",
247,"Pupitar","Rock","Ground",70,84,70,65,70,51,410,"Shed Skin","","","",
248,"Tyranitar","Rock","Dark",100,134,110,95,100,61,600,"Sand Stream","","Unnerve","",
249,"Lugia","Psychic","Flying",106,90,130,90,154,110,680,"Pressure","","Multiscale","",
250,"Ho-Oh","Fire","Flying",106,130,90,110,154,90,680,"Pressure","","Regenerator","",
252,"Treecko","Grass","",40,45,35,65,55,70,310,"Overgrow","","Unburden","",
253,"Grovyle","Grass","",50,65,45,85,65,95,405,"Overgrow","","Unburden","",
254,"Sceptile","Grass","",70,85,65,105,85,120,530,"Overgrow","","Unburden","",
255,"Torchic","Fire","",45,60,40,70,50,45,310,"Blaze","","Speed Boost","",
256,"Combusken","Fire","Fighting",60,85,60,85,60,55,405,"Blaze","","Speed Boost","",
257,"Blaziken","Fire","Fighting",80,120,70,110,70,80,530,"Blaze","","Speed Boost","",
258,"Mudkip","Water","",50,70,50,50,50,40,310,"Torrent","","Damp","",
259,"Marshtomp","Water","Ground",70,85,70,60,70,50,405,"Torrent","","Damp","",
260,"Swampert","Water","Ground",100,110,90,85,90,60,535,"Torrent","","Damp","",
261,"Poochyena","Dark","",35,55,35,30,30,35,220,"Run Away","Quick Feet","Rattled","",
262,"Mightyena","Dark","",70,90,70,60,60,70,420,"Intimidate","Quick Feet","Moxie","",
270,"Lotad","Water","Grass",40,30,30,40,50,30,220,"Swift Swim","Rain Dish","Own Tempo","",
271,"Lombre","Water","Grass",60,50,50,60,70,50,340,"Swift Swim","Rain Dish","Own Tempo","",
272,"Ludicolo","Water","Grass",80,70,70,90,100,70,480,"Swift Swim","Rain Dish","Own Tempo","",
273,"Seedot","Grass","",40,40,50,30,30,30,220,"Chlorophyll","Early Bird","Pickpocket","",
274,"Nuzleaf","Grass","Dark",70,70,40,60,40,60,340,"Chlorophyll","Early Bird","Pickpocket","",
275,"Shiftry","Grass","Dark",90,100,60,90,60,80,480,"Chlorophyll","Wind Rider","Pickpocket","",
278,"Wingull","Water","Flying",40,30,30,55,30,85,270,"Keen Eye","Hydration","Rain Dish","",
279,"Pelipper","Water","Flying",60,50,100,95,70,65,440,"Keen Eye","Drizzle","Rain Dish","",
280,"Ralts","Psychic","Fairy",28,25,25,45,35,40,198,"Synchronize","Trace","Telepathy","",
281,"Kirlia","Psychic","Fairy",38,35,35,65,55,50,278,"Synchronize","Trace","Telepathy","",
282,"Gardevoir","Psychic","Fairy",68,65,65,125,115,80,518,"Synchronize","Trace","Telepathy","",
283,"Surskit","Bug","Water",40,30,32,50,52,65,269,"Swift Swim","","Rain Dish","",
284,"Masquerain","Bug","Flying",70,60,62,100,82,80,454,"Intimidate","","Unnerve","",
285,"Shroomish","Grass","",60,40,60,40,60,35,295,"Effect Spore","Poison Heal","Quick Feet","",
286,"Breloom","Grass","Fighting",60,130,80,60,60,70,460,"Effect Spore","Poison Heal","Technician","",
287,"Slakoth","Normal","",60,60,60,35,35,30,280,"Truant","","","",
288,"Vigoroth","Normal","",80,80,80,55,55,90,440,"Vital Spirit","","","",
289,"Slaking","Normal","",150,160,100,95,65,100,670,"Truant","","","",
296,"Makuhita","Fighting","",72,60,30,20,30,25,237,"Thick Fat","Guts","Sheer Force","",
297,"Hariyama","Fighting","",144,120,60,40,60,50,474,"Thick Fat","Guts","Sheer Force","",
298,"Azurill","Normal","Fairy",50,20,40,20,40,20,190,"Thick Fat","Huge Power","Sap Sipper","",
299,"Nosepass","Rock","",30,45,135,45,90,30,375,"Sturdy","Magnet Pull","Sand Force","",
302,"Sableye","Dark","Ghost",50,75,75,65,65,50,380,"Keen Eye","Stall","Prankster","",
307,"Meditite","Fighting","Psychic",30,40,55,40,55,60,280,"Pure Power","","Telepathy","",
308,"Medicham","Fighting","Psychic",60,60,75,60,75,80,410,"Pure Power","","Telepathy","",
311,"Plusle","Electric","",60,50,40,85,75,95,405,"Plus","","Lightning Rod","",
312,"Minun","Electric","",60,40,50,75,85,95,405,"Minus","","Volt Absorb","",
313,"Volbeat","Bug","",65,73,75,47,85,85,430,"Illuminate","Swarm","Prankster","",
314,"Illumise","Bug","",65,47,75,73,85,85,430,"Oblivious","Tinted Lens","Prankster","",
316,"Gulpin","Poison","",70,43,53,43,53,40,302,"Liquid Ooze","Sticky Hold","Gluttony","",
317,"Swalot","Poison","",100,73,83,73,83,55,467,"Liquid Ooze","Sticky Hold","Gluttony","",
322,"Numel","Fire","Ground",60,60,40,65,45,35,305,"Oblivious","Simple","Own Tempo","",
323,"Camerupt","Fire","Ground",70,100,70,105,75,40,460,"Magma Armor","Solid Rock","Anger Point","",
324,"Torkoal","Fire","",70,85,140,85,70,20,470,"White Smoke","Drought","Shell Armor","",
325,"Spoink","Psychic","",60,25,35,70,80,60,330,"Thick Fat","Own Tempo","Gluttony","",
326,"Grumpig","Psychic","",80,45,65,90,110,80,470,"Thick Fat","Own Tempo","Gluttony","",
328,"Trapinch","Ground","",45,100,45,45,45,10,290,"Hyper Cutter","Arena Trap","Sheer Force","",
329,"Vibrava","Ground","Dragon",50,70,50,50,50,70,340,"Levitate","","","",
330,"Flygon","Ground","Dragon",80,100,80,80,80,100,520,"Levitate","","","",
331,"Cacnea","Grass","",50,85,40,85,40,35,335,"Sand Veil","","Water Absorb","",
332,"Cacturne","Grass","Dark",70,115,60,115,60,55,475,"Sand Veil","","Water Absorb","",
333,"Swablu","Normal","Flying",45,40,60,40,75,50,310,"Natural Cure","","Cloud Nine","",
334,"Altaria","Dragon","Flying",75,70,90,70,105,80,490,"Natural Cure","","Cloud Nine","",
335,"Zangoose","Normal","",73,115,60,60,60,90,458,"Immunity","","Toxic Boost","",
336,"Seviper","Poison","",73,100,60,100,60,65,458,"Shed Skin","","Infiltrator","",
339,"Barboach","Water","Ground",50,48,43,46,41,60,288,"Oblivious","Anticipation","Hydration","",
340,"Whiscash","Water","Ground",110,78,73,76,71,60,468,"Oblivious","Anticipation","Hydration","",
341,"Corphish","Water","",43,80,65,50,35,35,308,"Hyper Cutter","Shell Armor","Adaptability","",
342,"Crawdaunt","Water","Dark",63,120,85,90,55,55,468,"Hyper Cutter","Shell Armor","Adaptability","",
349,"Feebas","Water","",20,15,20,10,55,80,200,"Swift Swim","Oblivious","Adaptability","",
350,"Milotic","Water","",95,60,79,100,125,81,540,"Marvel Scale","Competitive","Cute Charm","",
353,"Shuppet","Ghost","",44,75,35,63,33,45,295,"Insomnia","Frisk","Cursed Body","",
354,"Banette","Ghost","",64,115,65,83,63,65,455,"Insomnia","Frisk","Cursed Body","",
355,"Duskull","Ghost","",20,40,90,30,90,25,295,"Levitate","","Frisk","",
356,"Dusclops","Ghost","",40,70,130,60,130,25,455,"Pressure","","Frisk","",
357,"Tropius","Grass","Flying",99,68,83,72,87,51,460,"Chlorophyll","Solar Power","Harvest","",
358,"Chimecho","Psychic","",75,50,80,95,90,65,455,"Levitate","","","",
361,"Snorunt","Ice","",50,50,50,50,50,50,300,"Inner Focus","Ice Body","Moody","",
362,"Glalie","Ice","",80,80,80,80,80,80,480,"Inner Focus","Ice Body","Moody","",
370,"Luvdisc","Water","",43,30,55,40,65,97,330,"Swift Swim","","Hydration","",
371,"Bagon","Dragon","",45,75,60,40,30,50,300,"Rock Head","","Sheer Force","",
372,"Shelgon","Dragon","",65,95,100,60,50,50,420,"Rock Head","","Overcoat","",
373,"Salamence","Dragon","Flying",95,135,80,110,80,100,600,"Intimidate","","Moxie","",
374,"Beldum","Steel","Psychic",40,55,80,35,60,30,300,"Clear Body","","Light Metal","",
375,"Metang","Steel","Psychic",60,75,100,55,80,50,420,"Clear Body","","Light Metal","",
376,"Metagross","Steel","Psychic",80,135,130,95,90,70,600,"Clear Body","","Light Metal","",
377,"Regirock","Rock","",80,100,200,50,100,50,580,"Clear Body","","Sturdy","",
378,"Regice","Ice","",80,50,100,100,200,50,580,"Clear Body","","Ice Body","",
379,"Registeel","Steel","",80,75,150,75,150,50,580,"Clear Body","","Light Metal","",
380,"Latias","Dragon","Psychic",80,80,90,110,130,110,600,"Levitate","","","",
381,"Latios","Dragon","Psychic",80,90,80,130,110,110,600,"Levitate","","","",
382,"Kyogre","Water","",100,100,90,150,140,90,670,"Drizzle","","","",
383,"Groudon","Ground","",100,150,140,100,90,90,670,"Drought","","","",
384,"Rayquaza","Dragon","Flying",105,150,90,150,90,95,680,"Air Lock","","","",
385,"Jirachi","Steel","Psychic",100,100,100,100,100,100,600,"Serene Grace","","","",
386,"Deoxys","Psychic","",50,150,50,150,50,150,600,"Pressure","","","",
386,"Deoxys-Attack","Psychic","",50,180,20,180,20,150,600,"Pressure","","","",
386,"Deoxys-Defense","Psychic","",50,70,160,70,160,90,600,"Pressure","","","",
386,"Deoxys-Speed","Psychic","",50,95,90,95,90,180,600,"Pressure","","","",
387,"Turtwig","Grass","",55,68,64,45,55,31,318,"Overgrow","","Shell Armor","",
388,"Grotle","Grass","",75,89,85,55,65,36,405,"Overgrow","","Shell Armor","",
389,"Torterra","Grass","Ground",95,109,105,75,85,56,525,"Overgrow","","Shell Armor","",
390,"Chimchar","Fire","",44,58,44,58,44,61,309,"Blaze","","Iron Fist","",
391,"Monferno","Fire","Fighting",64,78,52,78,52,81,405,"Blaze","","Iron Fist","",
392,"Infernape","Fire","Fighting",76,104,71,104,71,108,534,"Blaze","","Iron Fist","",
393,"Piplup","Water","",53,51,53,61,56,40,314,"Torrent","","Competitive","",
394,"Prinplup","Water","",64,66,68,81,76,50,405,"Torrent","","Competitive","",
395,"Empoleon","Water","Steel",84,86,88,111,101,60,530,"Torrent","","Competitive","",
396,"Starly","Normal","Flying",40,55,30,30,30,60,245,"Keen Eye","","Reckless","",
397,"Staravia","Normal","Flying",55,75,50,40,40,80,340,"Intimidate","","Reckless","",
398,"Staraptor","Normal","Flying",85,120,70,50,60,100,485,"Intimidate","","Reckless","",
401,"Kricketot","Bug","",37,25,41,25,41,25,194,"Shed Skin","","Run Away","",
402,"Kricketune","Bug","",77,85,51,55,51,65,384,"Swarm","","Technician","",
403,"Shinx","Electric","",45,65,34,40,34,45,263,"Rivalry","Intimidate","Guts","",
404,"Luxio","Electric","",60,85,49,60,49,60,363,"Rivalry","Intimidate","Guts","",
405,"Luxray","Electric","",80,120,79,95,79,70,523,"Rivalry","Intimidate","Guts","",
408,"Cranidos","Rock","",67,125,40,30,30,58,350,"Mold Breaker","","Sheer Force","",
409,"Rampardos","Rock","",97,165,60,65,50,58,495,"Mold Breaker","","Sheer Force","",
410,"Shieldon","Rock","Steel",30,42,118,42,88,30,350,"Sturdy","","Soundproof","",
411,"Bastiodon","Rock","Steel",60,52,168,47,138,30,495,"Sturdy","","Soundproof","",
415,"Combee","Bug","Flying",30,30,42,30,42,70,244,"Honey Gather","","Hustle","",
416,"Vespiquen","Bug","Flying",70,80,102,80,102,40,474,"Pressure","","Unnerve","",
417,"Pachirisu","Electric","",60,45,70,45,90,95,405,"Run Away","Pickup","Volt Absorb","",
418,"Buizel","Water","",55,65,35,60,30,85,330,"Swift Swim","","Water Veil","",
419,"Floatzel","Water","",85,105,55,85,50,115,495,"Swift Swim","","Water Veil","",
422,"Shellos","Water","",76,48,48,57,62,34,325,"Sticky Hold","Storm Drain","Sand Force","",
423,"Gastrodon","Water","Ground",111,83,68,92,82,39,475,"Sticky Hold","Storm Drain","Sand Force","",
424,"Ambipom","Normal","",75,100,66,60,66,115,482,"Technician","Pickup","Skill Link","",
425,"Drifloon","Ghost","Flying",90,50,34,60,44,70,348,"Aftermath","Unburden","Flare Boost","",
426,"Drifblim","Ghost","Flying",150,80,44,90,54,80,498,"Aftermath","Unburden","Flare Boost","",
429,"Mismagius","Ghost","",60,60,60,105,105,105,495,"Levitate","","","",
430,"Honchkrow","Dark","Flying",100,125,52,105,52,71,505,"Insomnia","Super Luck","Moxie","",
433,"Chingling","Psychic","",45,30,50,65,50,45,285,"Levitate","","","",
434,"Stunky","Poison","Dark",63,63,47,41,41,74,329,"Stench","Aftermath","Keen Eye","",
435,"Skuntank","Poison","Dark",103,93,67,71,61,84,479,"Stench","Aftermath","Keen Eye","",
436,"Bronzor","Steel","Psychic",57,24,86,24,86,23,300,"Levitate","Heatproof","Heavy Metal","",
437,"Bronzong","Steel","Psychic",67,89,116,79,116,33,500,"Levitate","Heatproof","Heavy Metal","",
438,"Bonsly","Rock","",50,80,95,10,45,10,290,"Sturdy","Rock Head","Rattled","",
440,"Happiny","Normal","",100,5,5,15,65,30,220,"Natural Cure","Serene Grace","Friend Guard","",
442,"Spiritomb","Ghost","Dark",50,92,108,92,108,35,485,"Pressure","","Infiltrator","",
443,"Gible","Dragon","Ground",58,70,45,40,45,42,300,"Sand Veil","","Rough Skin","",
444,"Gabite","Dragon","Ground",68,90,65,50,55,82,410,"Sand Veil","","Rough Skin","",
445,"Garchomp","Dragon","Ground",108,130,95,80,85,102,600,"Sand Veil","","Rough Skin","",
446,"Munchlax","Normal","",135,85,40,40,85,5,390,"Pickup","Thick Fat","Gluttony","",
447,"Riolu","Fighting","",40,70,40,35,40,60,285,"Steadfast","Inner Focus","Prankster","",
448,"Lucario","Fighting","Steel",70,110,70,115,70,90,525,"Steadfast","Inner Focus","Justified","",
449,"Hippopotas","Ground","",68,72,78,38,42,32,330,"Sand Stream","","Sand Force","",
450,"Hippowdon","Ground","",108,112,118,68,72,47,525,"Sand Stream","","Sand Force","",
453,"Croagunk","Poison","Fighting",48,61,40,61,40,50,300,"Anticipation","Dry Skin","Poison Touch","",
454,"Toxicroak","Poison","Fighting",83,106,65,86,65,85,490,"Anticipation","Dry Skin","Poison Touch","",
456,"Finneon","Water","",49,49,56,49,61,66,330,"Swift Swim","Storm Drain","Water Veil","",
457,"Lumineon","Water","",69,69,76,69,86,91,460,"Swift Swim","Storm Drain","Water Veil","",
459,"Snover","Grass","Ice",60,62,50,62,60,40,334,"Snow Warning","","Soundproof","",
460,"Abomasnow","Grass","Ice",90,92,75,92,85,60,494,"Snow Warning","","Soundproof","",
461,"Weavile","Dark","Ice",70,120,65,45,85,125,510,"Pressure","","Pickpocket","",
462,"Magnezone","Electric","Steel",70,70,115,130,90,60,535,"Magnet Pull","Sturdy","Analytic","",
464,"Rhyperior","Ground","Rock",115,140,130,55,55,40,535,"Lightning Rod","Solid Rock","Reckless","",
466,"Electivire","Electric","",75,123,67,95,85,95,540,"Motor Drive","","Vital Spirit","",
467,"Magmortar","Fire","",75,95,67,125,95,83,540,"Flame Body","","Vital Spirit","",
469,"Yanmega","Bug","Flying",86,76,86,116,56,95,515,"Speed Boost","Tinted Lens","Frisk","",
470,"Leafeon","Grass","",65,110,130,60,65,95,525,"Leaf Guard","","Chlorophyll","",
471,"Glaceon","Ice","",65,60,110,130,95,65,525,"Snow Cloak","","Ice Body","",
472,"Gliscor","Ground","Flying",75,95,125,45,75,95,510,"Hyper Cutter","Sand Veil","Poison Heal","",
473,"Mamoswine","Ice","Ground",110,130,80,70,60,80,530,"Oblivious","Snow Cloak","Thick Fat","",
474,"Porygon-Z","Normal","",85,80,70,135,75,90,535,"Adaptability","Download","Analytic","",
475,"Gallade","Psychic","Fighting",68,125,65,65,115,80,518,"Steadfast","Sharpness","Justified","",
476,"Probopass","Rock","Steel",60,55,145,75,150,40,525,"Sturdy","Magnet Pull","Sand Force","",
477,"Dusknoir","Ghost","",45,100,135,65,135,45,525,"Pressure","","Frisk","",
478,"Froslass","Ice","Ghost",70,80,70,80,70,110,480,"Snow Cloak","","Cursed Body","",
479,"Rotom","Electric","Ghost",50,50,77,95,77,91,440,"Levitate","","","",
479,"Rotom-Heat","Electric","Fire",50,65,107,105,107,86,520,"Levitate","","","",
479,"Rotom-Wash","Electric","Water",50,65,107,105,107,86,520,"Levitate","","","",
479,"Rotom-Frost","Electric","Ice",50,65,107,105,107,86,520,"Levitate","","","",
479,"Rotom-Fan","Electric","Flying",50,65,107,105,107,86,520,"Levitate","","","",
479,"Rotom-Mow","Electric","Grass",50,65,107,105,107,86,520,"Levitate","","","",
480,"Uxie","Psychic","",75,75,130,75,130,95,580,"Levitate","","","",
481,"Mesprit","Psychic","",80,105,105,105,105,80,580,"Levitate","","","",
482,"Azelf","Psychic","",75,125,70,125,70,115,580,"Levitate","","","",
483,"Dialga","Steel","Dragon",100,120,120,150,100,90,680,"Pressure","","Telepathy","",
483,"Dialga-Origin","Steel","Dragon",100,100,120,150,120,90,680,"Pressure","","Telepathy","",
484,"Palkia","Water","Dragon",90,120,100,150,120,100,680,"Pressure","","Telepathy","",
484,"Palkia-Origin","Water","Dragon",90,100,100,150,120,120,680,"Pressure","","Telepathy","",
485,"Heatran","Fire","Steel",91,90,106,130,106,77,600,"Flash Fire","","Flame Body","",
486,"Regigigas","Normal","",110,160,110,80,110,100,670,"Slow Start","","","",
487,"Giratina","Ghost","Dragon",150,100,120,100,120,90,680,"Pressure","","Telepathy","",
487,"Giratina-Origin","Ghost","Dragon",150,120,100,120,100,90,680,"Levitate","","","",
488,"Cresselia","Psychic","",120,70,110,75,120,85,580,"Levitate","","","",
489,"Phione","Water","",80,80,80,80,80,80,480,"Hydration","","","",
490,"Manaphy","Water","",100,100,100,100,100,100,600,"Hydration","","","",
491,"Darkrai","Dark","",70,90,90,135,90,125,600,"Bad Dreams","","","",
492,"Shaymin","Grass","",100,100,100,100,100,100,600,"Natural Cure","","","",
492,"Shaymin-Sky","Grass","Flying",100,103,75,120,75,127,600,"Serene Grace","","","",
493,"Arceus","Normal","",120,120,120,120,120,120,720,"Multitype","","","",
493,"Arceus-Fighting","Fighting","",120,120,120,120,120,120,720,"Multitype","","","",
493,"Arceus-Flying","Flying","",120,120,120,120,120,120,720,"Multitype","","","",
493,"Arceus-Poison","Poison","",120,120,120,120,120,120,720,"Multitype","","","",
493,"Arceus-Ground","Ground","",120,120,120,120,120,120,720,"Multitype","","","",
493,"Arceus-Rock","Rock","",120,120,120,120,120,120,720,"Multitype","","","",
493,"Arceus-Bug","Bug","",120,120,120,120,120,120,720,"Multitype","","","",
493,"Arceus-Ghost","Ghost","",120,120,120,120,120,120,720,"Multitype","","","",
493,"Arceus-Steel","Steel","",120,120,120,120,120,120,720,"Multitype","","","",
493,"Arceus-Fire","Fire","",120,120,120,120,120,120,720,"Multitype","","","",
493,"Arceus-Water","Water","",120,120,120,120,120,120,720,"Multitype","","","",
493,"Arceus-Grass","Grass","",120,120,120,120,120,120,720,"Multitype","","","",
493,"Arceus-Electric","Electric","",120,120,120,120,120,120,720,"Multitype","","","",
493,"Arceus-Psychic","Psychic","",120,120,120,120,120,120,720,"Multitype","","","",
493,"Arceus-Ice","Ice","",120,120,120,120,120,120,720,"Multitype","","","",
493,"Arceus-Dragon","Dragon","",120,120,120,120,120,120,720,"Multitype","","","",
493,"Arceus-Dark","Dark","",120,120,120,120,120,120,720,"Multitype","","","",
493,"Arceus-Fairy","Fairy","",120,120,120,120,120,120,720,"Multitype","","","",
495,"Snivy","Grass","",45,45,55,45,55,63,308,"Overgrow","","Contrary","",
496,"Servine","Grass","",60,60,75,60,75,83,413,"Overgrow","","Contrary","",
497,"Serperior","Grass","",75,75,95,75,95,113,528,"Overgrow","","Contrary","",
498,"Tepig","Fire","",65,63,45,45,45,45,308,"Blaze","","Thick Fat","",
499,"Pignite","Fire","Fighting",90,93,55,70,55,55,418,"Blaze","","Thick Fat","",
500,"Emboar","Fire","Fighting",110,123,65,100,65,65,528,"Blaze","","Reckless","",
501,"Oshawott","Water","",55,55,45,63,45,45,308,"Torrent","","Shell Armor","",
502,"Dewott","Water","",75,75,60,83,60,60,413,"Torrent","","Shell Armor","",
503,"Samurott","Water","",95,100,85,108,70,70,528,"Torrent","","Shell Armor","",
503,"Samurott-Hisui","Water","Dark",90,108,80,100,65,85,528,"Torrent","","Sharpness","",
522,"Blitzle","Electric","",45,60,32,50,32,76,295,"Lightning Rod","Motor Drive","Sap Sipper","",
523,"Zebstrika","Electric","",75,100,63,80,63,116,497,"Lightning Rod","Motor Drive","Sap Sipper","",
529,"Drilbur","Ground","",60,85,40,30,45,68,328,"Sand Rush","Sand Force","Mold Breaker","",
530,"Excadrill","Ground","Steel",110,135,60,50,65,88,508,"Sand Rush","Sand Force","Mold Breaker","",
532,"Timburr","Fighting","",75,80,55,25,35,35,305,"Guts","Sheer Force","Iron Fist","",
533,"Gurdurr","Fighting","",85,105,85,40,50,40,405,"Guts","Sheer Force","Iron Fist","",
534,"Conkeldurr","Fighting","",105,140,95,55,65,45,505,"Guts","Sheer Force","Iron Fist","",
540,"Sewaddle","Bug","Grass",45,53,70,40,60,42,310,"Swarm","Chlorophyll","Overcoat","",
541,"Swadloon","Bug","Grass",55,63,90,50,80,42,380,"Leaf Guard","Chlorophyll","Overcoat","",
542,"Leavanny","Bug","Grass",75,103,80,70,80,92,500,"Swarm","Chlorophyll","Overcoat","",
546,"Cottonee","Grass","Fairy",40,27,60,37,50,66,280,"Prankster","Infiltrator","Chlorophyll","",
547,"Whimsicott","Grass","Fairy",60,67,85,77,75,116,480,"Prankster","Infiltrator","Chlorophyll","",
548,"Petilil","Grass","",45,35,50,70,50,30,280,"Chlorophyll","Own Tempo","Leaf Guard","",
549,"Lilligant","Grass","",70,60,75,110,75,90,480,"Chlorophyll","Own Tempo","Leaf Guard","",
549,"Lilligant-Hisui","Grass","Fighting",70,105,75,50,75,105,480,"Chlorophyll","Hustle","Leaf Guard","",
550,"Basculin","Water","",70,92,65,80,55,98,460,"Reckless","Adaptability","Mold Breaker","",
550,"Basculin-Blue-Striped","Water","",70,92,65,80,55,98,460,"Rock Head","Adaptability","Mold Breaker","",
550,"Basculin-White-Striped","Water","",70,92,65,80,55,98,460,"Rattled","Adaptability","Mold Breaker","",
551,"Sandile","Ground","Dark",50,72,35,35,35,65,292,"Intimidate","Moxie","Anger Point","",
552,"Krokorok","Ground","Dark",60,82,45,45,45,74,351,"Intimidate","Moxie","Anger Point","",
553,"Krookodile","Ground","Dark",95,117,80,65,70,92,519,"Intimidate","Moxie","Anger Point","",
559,"Scraggy","Dark","Fighting",50,75,70,35,70,48,348,"Shed Skin","Moxie","Intimidate","",
560,"Scrafty","Dark","Fighting",65,90,115,45,115,58,488,"Shed Skin","Moxie","Intimidate","",
570,"Zorua","Dark","",40,65,40,80,40,65,330,"Illusion","","","",
570,"Zorua-Hisui","Normal","Ghost",35,60,40,85,40,70,330,"Illusion","","","",
571,"Zoroark","Dark","",60,105,60,120,60,105,510,"Illusion","","","",
571,"Zoroark-Hisui","Normal","Ghost",55,100,60,125,60,110,510,"Illusion","","","",
572,"Minccino","Normal","",55,50,40,40,40,75,300,"Cute Charm","Technician","Skill Link","",
573,"Cinccino","Normal","",75,95,60,65,60,115,470,"Cute Charm","Technician","Skill Link","",
574,"Gothita","Psychic","",45,30,50,55,65,45,290,"Frisk","Competitive","Shadow Tag","",
575,"Gothorita","Psychic","",60,45,70,75,85,55,390,"Frisk","Competitive","Shadow Tag","",
576,"Gothitelle","Psychic","",70,55,95,95,110,65,490,"Frisk","Competitive","Shadow Tag","",
577,"Solosis","Psychic","",45,30,40,105,50,20,290,"Overcoat","Magic Guard","Regenerator","",
578,"Duosion","Psychic","",65,40,50,125,60,30,370,"Overcoat","Magic Guard","Regenerator","",
579,"Reuniclus","Psychic","",110,65,75,125,85,30,490,"Overcoat","Magic Guard","Regenerator","",
580,"Ducklett","Water","Flying",62,44,50,44,50,55,305,"Keen Eye","Big Pecks","Hydration","",
581,"Swanna","Water","Flying",75,87,63,87,63,98,473,"Keen Eye","Big Pecks","Hydration","",
585,"Deerling","Normal","Grass",60,60,50,40,50,75,335,"Chlorophyll","Sap Sipper","Serene Grace","",
586,"Sawsbuck","Normal","Grass",80,100,70,60,70,95,475,"Chlorophyll","Sap Sipper","Serene Grace","",
590,"Foongus","Grass","Poison",69,55,45,55,55,15,294,"Effect Spore","","Regenerator","",
591,"Amoonguss","Grass","Poison",114,85,70,85,80,30,464,"Effect Spore","","Regenerator","",
594,"Alomomola","Water","",165,75,80,40,45,65,470,"Healer","Hydration","Regenerator","",
595,"Joltik","Bug","Electric",50,47,50,57,50,65,319,"Compound Eyes","Unnerve","Swarm","",
596,"Galvantula","Bug","Electric",70,77,60,97,60,108,472,"Compound Eyes","Unnerve","Swarm","",
602,"Tynamo","Electric","",35,55,40,45,40,60,275,"Levitate","","","",
603,"Eelektrik","Electric","",65,85,70,75,70,40,405,"Levitate","","","",
604,"Eelektross","Electric","",85,115,80,105,80,50,515,"Levitate","","","",
607,"Litwick","Ghost","Fire",50,30,55,65,55,20,275,"Flash Fire","Flame Body","Infiltrator","",
608,"Lampent","Ghost","Fire",60,40,60,95,60,55,370,"Flash Fire","Flame Body","Infiltrator","",
609,"Chandelure","Ghost","Fire",60,55,90,145,90,80,520,"Flash Fire","Flame Body","Infiltrator","",
610,"Axew","Dragon","",46,87,60,30,40,57,320,"Rivalry","Mold Breaker","Unnerve","",
611,"Fraxure","Dragon","",66,117,70,40,50,67,410,"Rivalry","Mold Breaker","Unnerve","",
612,"Haxorus","Dragon","",76,147,90,60,70,97,540,"Rivalry","Mold Breaker","Unnerve","",
613,"Cubchoo","Ice","",55,70,40,60,40,40,305,"Snow Cloak","Slush Rush","Rattled","",
614,"Beartic","Ice","",95,130,80,70,80,50,505,"Snow Cloak","Slush Rush","Swift Swim","",
615,"Cryogonal","Ice","",80,50,50,95,135,105,515,"Levitate","","","",
619,"Mienfoo","Fighting","",45,85,50,55,50,65,350,"Inner Focus","Regenerator","Reckless","",
620,"Mienshao","Fighting","",65,125,60,95,60,105,510,"Inner Focus","Regenerator","Reckless","",
622,"Golett","Ground","Ghost",59,74,50,35,50,35,303,"Iron Fist","Klutz","No Guard","",
623,"Golurk","Ground","Ghost",89,124,80,55,80,55,483,"Iron Fist","Klutz","No Guard","",
624,"Pawniard","Dark","Steel",45,85,70,40,40,60,340,"Defiant","Inner Focus","Pressure","",
625,"Bisharp","Dark","Steel",65,125,100,60,70,70,490,"Defiant","Inner Focus","Pressure","",
627,"Rufflet","Normal","Flying",70,83,50,37,50,60,350,"Keen Eye","Sheer Force","Hustle","",
628,"Braviary","Normal","Flying",100,123,75,57,75,80,510,"Keen Eye","Sheer Force","Defiant","",
628,"Braviary-Hisui","Psychic","Flying",110,83,70,112,70,65,510,"Keen Eye","Sheer Force","Tinted Lens","",
629,"Vullaby","Dark","Flying",70,55,75,45,65,60,370,"Big Pecks","Overcoat","Weak Armor","",
630,"Mandibuzz","Dark","Flying",110,65,105,55,95,80,510,"Big Pecks","Overcoat","Weak Armor","",
633,"Deino","Dark","Dragon",52,65,50,45,50,38,300,"Hustle","","","",
634,"Zweilous","Dark","Dragon",72,85,70,65,70,58,420,"Hustle","","","",
635,"Hydreigon","Dark","Dragon",92,105,90,125,90,98,600,"Levitate","","","",
636,"Larvesta","Bug","Fire",55,85,55,50,55,60,360,"Flame Body","","Swarm","",
637,"Volcarona","Bug","Fire",85,60,65,135,105,100,550,"Flame Body","","Swarm","",
638,"Cobalion","Steel","Fighting",91,90,129,90,72,108,580,"Justified","","","",
639,"Terrakion","Rock","Fighting",91,129,90,72,90,108,580,"Justified","","","",
640,"Virizion","Grass","Fighting",91,90,72,90,129,108,580,"Justified","","","",
641,"Tornadus","Flying","",79,115,70,125,80,111,580,"Prankster","","Defiant","",
641,"Tornadus-Therian","Flying","",79,100,80,110,90,121,580,"Regenerator","","","",
642,"Thundurus","Electric","Flying",79,115,70,125,80,111,580,"Prankster","","Defiant","",
642,"Thundurus-Therian","Electric","Flying",79,105,70,145,80,101,580,"Volt Absorb","","","",
643,"Reshiram","Dragon","Fire",100,120,100,150,120,90,680,"Turboblaze","","","",
644,"Zekrom","Dragon","Electric",100,150,120,120,100,90,680,"Teravolt","","","",
645,"Landorus","Ground","Flying",89,125,90,115,80,101,600,"Sand Force","","Sheer Force","",
645,"Landorus-Therian","Ground","Flying",89,145,90,105,80,91,600,"Intimidate","","","",
646,"Kyurem","Dragon","Ice",125,130,90,130,90,95,660,"Pressure","","","",
646,"Kyurem-White","Dragon","Ice",125,120,90,170,100,95,700,"Turboblaze","","","",
646,"Kyurem-Black","Dragon","Ice",125,170,100,120,90,95,700,"Teravolt","","","",
647,"Keldeo","Water","Fighting",91,72,90,129,90,108,580,"Justified","","","",
647,"Keldeo-Resolute","Water","Fighting",91,72,90,129,90,108,580,"Justified","","","",
648,"Meloetta","Normal","Psychic",100,77,77,128,128,90,600,"Serene Grace","","","",
648,"Meloetta-Pirouette","Normal","Fighting",100,128,90,77,77,128,600,"Serene Grace","","","",
650,"Chespin","Grass","",56,61,65,48,45,38,313,"Overgrow","","Bulletproof","",
651,"Quilladin","Grass","",61,78,95,56,58,57,405,"Overgrow","","Bulletproof","",
652,"Chesnaught","Grass","Fighting",88,107,122,74,75,64,530,"Overgrow","","Bulletproof","",
653,"Fennekin","Fire","",40,45,40,62,60,60,307,"Blaze","","Magician","",
654,"Braixen","Fire","",59,59,58,90,70,73,409,"Blaze","","Magician","",
655,"Delphox","Fire","Psychic",75,69,72,114,100,104,534,"Blaze","","Magician","",
656,"Froakie","Water","",41,56,40,62,44,71,314,"Torrent","","Protean","",
657,"Frogadier","Water","",54,63,52,83,56,97,405,"Torrent","","Protean","",
658,"Greninja","Water","Dark",72,95,67,103,71,122,530,"Torrent","","Protean","Battle Bond",
658,"Greninja-Bond","Water","Dark",72,95,67,103,71,122,530,"Battle Bond","","","",
661,"Fletchling","Normal","Flying",45,50,43,40,38,62,278,"Big Pecks","","Gale Wings","",
662,"Fletchinder","Fire","Flying",62,73,55,56,52,84,382,"Flame Body","","Gale Wings","",
663,"Talonflame","Fire","Flying",78,81,71,74,69,126,499,"Flame Body","","Gale Wings","",
664,"Scatterbug","Bug","",38,35,40,27,25,35,200,"Shield Dust","Compound Eyes","Friend Guard","",
665,"Spewpa","Bug","",45,22,60,27,30,29,213,"Shed Skin","","Friend Guard","",
666,"Vivillon","Bug","Flying",80,52,50,90,50,89,411,"Shield Dust","Compound Eyes","Friend Guard","",
666,"Vivillon-Fancy","Bug","Flying",80,52,50,90,50,89,411,"Shield Dust","Compound Eyes","Friend Guard","",
666,"Vivillon-Pokeball","Bug","Flying",80,52,50,90,50,89,411,"Shield Dust","Compound Eyes","Friend Guard","",
667,"Litleo","Fire","Normal",62,50,58,73,54,72,369,"Rivalry","Unnerve","Moxie","",
668,"Pyroar","Fire","Normal",86,68,72,109,66,106,507,"Rivalry","Unnerve","Moxie","",
669,"Flabébé","Fairy","",44,38,39,61,79,42,303,"Flower Veil","","Symbiosis","",
670,"Floette","Fairy","",54,45,47,75,98,52,371,"Flower Veil","","Symbiosis","",
671,"Florges","Fairy","",78,65,68,112,154,75,552,"Flower Veil","","Symbiosis","",
672,"Skiddo","Grass","",66,65,48,62,57,52,350,"Sap Sipper","","Grass Pelt","",
673,"Gogoat","Grass","",123,100,62,97,81,68,531,"Sap Sipper","","Grass Pelt","",
677,"Espurr","Psychic","",62,48,54,63,60,68,355,"Keen Eye","Infiltrator","Own Tempo","",
678,"Meowstic","Psychic","",74,48,76,83,81,104,466,"Keen Eye","Infiltrator","Prankster","",
678,"Meowstic-F","Psychic","",74,48,76,83,81,104,466,"Keen Eye","Infiltrator","Competitive","",
686,"Inkay","Dark","Psychic",53,54,53,37,46,45,288,"Contrary","Suction Cups","Infiltrator","",
687,"Malamar","Dark","Psychic",86,92,88,68,75,73,482,"Contrary","Suction Cups","Infiltrator","",
690,"Skrelp","Poison","Water",50,60,60,60,60,30,320,"Poison Point","Poison Touch","Adaptability","",
691,"Dragalge","Poison","Dragon",65,75,90,97,123,44,494,"Poison Point","Poison Touch","Adaptability","",
692,"Clauncher","Water","",50,53,62,58,63,44,330,"Mega Launcher","","","",
693,"Clawitzer","Water","",71,73,88,120,89,59,500,"Mega Launcher","","","",
700,"Sylveon","Fairy","",95,65,65,110,130,60,525,"Cute Charm","","Pixilate","",
701,"Hawlucha","Fighting","Flying",78,92,75,74,63,118,500,"Limber","Unburden","Mold Breaker","",
702,"Dedenne","Electric","Fairy",67,58,57,81,67,101,431,"Cheek Pouch","Pickup","Plus","",
703,"Carbink","Rock","Fairy",50,50,150,50,150,50,500,"Clear Body","","Sturdy","",
704,"Goomy","Dragon","",45,50,35,55,75,40,300,"Sap Sipper","Hydration","Gooey","",
705,"Sliggoo","Dragon","",68,75,53,83,113,60,452,"Sap Sipper","Hydration","Gooey","",
705,"Sliggoo-Hisui","Steel","Dragon",58,75,83,83,113,40,452,"Sap Sipper","Shell Armor","Gooey","",
706,"Goodra","Dragon","",90,100,70,110,150,80,600,"Sap Sipper","Hydration","Gooey","",
706,"Goodra-Hisui","Steel","Dragon",80,100,100,110,150,60,600,"Sap Sipper","Shell Armor","Gooey","",
707,"Klefki","Steel","Fairy",57,80,91,80,87,75,470,"Prankster","","Magician","",
708,"Phantump","Ghost","Grass",43,70,48,50,60,38,309,"Natural Cure","Frisk","Harvest","",
709,"Trevenant","Ghost","Grass",85,110,76,65,82,56,474,"Natural Cure","Frisk","Harvest","",
712,"Bergmite","Ice","",55,69,85,32,35,28,304,"Own Tempo","Ice Body","Sturdy","",
713,"Avalugg","Ice","",95,117,184,44,46,28,514,"Own Tempo","Ice Body","Sturdy","",
713,"Avalugg-Hisui","Ice","Rock",95,127,184,34,36,38,514,"Strong Jaw","Ice Body","Sturdy","",
714,"Noibat","Flying","Dragon",40,30,35,45,40,55,245,"Frisk","Infiltrator","Telepathy","",
715,"Noivern","Flying","Dragon",85,70,80,97,80,123,535,"Frisk","Infiltrator","Telepathy","",
719,"Diancie","Rock","Fairy",50,100,150,100,150,50,600,"Clear Body","","","",
720,"Hoopa","Psychic","Ghost",80,110,60,150,130,70,600,"Magician","","","",
720,"Hoopa-Unbound","Psychic","Dark",80,160,60,170,130,80,680,"Magician","","","",
721,"Volcanion","Fire","Water",80,110,120,130,90,70,600,"Water Absorb","","","",
722,"Rowlet","Grass","Flying",68,55,55,50,50,42,320,"Overgrow","","Long Reach","",
723,"Dartrix","Grass","Flying",78,75,75,70,70,52,420,"Overgrow","","Long Reach","",
724,"Decidueye","Grass","Ghost",78,107,75,100,100,70,530,"Overgrow","","Long Reach","",
724,"Decidueye-Hisui","Grass","Fighting",88,112,80,95,95,60,530,"Overgrow","","Scrappy","",
725,"Litten","Fire","",45,65,40,60,40,70,320,"Blaze","","Intimidate","",
726,"Torracat","Fire","",65,85,50,80,50,90,420,"Blaze","","Intimidate","",
727,"Incineroar","Fire","Dark",95,115,90,80,90,60,530,"Blaze","","Intimidate","",
728,"Popplio","Water","",50,54,54,66,56,40,320,"Torrent","","Liquid Voice","",
729,"Brionne","Water","",60,69,69,91,81,50,420,"Torrent","","Liquid Voice","",
730,"Primarina","Water","Fairy",80,74,74,126,116,60,530,"Torrent","","Liquid Voice","",
731,"Pikipek","Normal","Flying",35,75,30,30,30,65,265,"Keen Eye","Skill Link","Pickup","",
732,"Trumbeak","Normal","Flying",55,85,50,40,50,75,355,"Keen Eye","Skill Link","Pickup","",
733,"Toucannon","Normal","Flying",80,120,75,75,75,60,485,"Keen Eye","Skill Link","Sheer Force","",
734,"Yungoos","Normal","",48,70,30,30,30,45,253,"Stakeout","Strong Jaw","Adaptability","",
735,"Gumshoos","Normal","",88,110,60,55,60,45,418,"Stakeout","Strong Jaw","Adaptability","",
736,"Grubbin","Bug","",47,62,45,55,45,46,300,"Swarm","","","",
737,"Charjabug","Bug","Electric",57,82,95,55,75,36,400,"Battery","","","",
738,"Vikavolt","Bug","Electric",77,70,90,145,75,43,500,"Levitate","","","",
739,"Crabrawler","Fighting","",47,82,57,42,47,63,338,"Hyper Cutter","Iron Fist","Anger Point","",
740,"Crabominable","Fighting","Ice",97,132,77,62,67,43,478,"Hyper Cutter","Iron Fist","Anger Point","",
741,"Oricorio","Fire","Flying",75,70,70,98,70,93,476,"Dancer","","","",
741,"Oricorio-Pom-Pom","Electric","Flying",75,70,70,98,70,93,476,"Dancer","","","",
741,"Oricorio-Pa'u","Psychic","Flying",75,70,70,98,70,93,476,"Dancer","","","",
741,"Oricorio-Sensu","Ghost","Flying",75,70,70,98,70,93,476,"Dancer","","","",
742,"Cutiefly","Bug","Fairy",40,45,40,55,40,84,304,"Honey Gather","Shield Dust","Sweet Veil","",
743,"Ribombee","Bug","Fairy",60,55,60,95,70,124,464,"Honey Gather","Shield Dust","Sweet Veil","",
744,"Rockruff","Rock","",45,65,40,30,40,60,280,"Keen Eye","Vital Spirit","Steadfast","Own Tempo",
745,"Lycanroc","Rock","",75,115,65,55,65,112,487,"Keen Eye","Sand Rush","Steadfast","",
745,"Lycanroc-Midnight","Rock","",85,115,75,55,75,82,487,"Keen Eye","Vital Spirit","No Guard","",
745,"Lycanroc-Dusk","Rock","",75,117,65,55,65,110,487,"Tough Claws","","","",
747,"Mareanie","Poison","Water",50,53,62,43,52,45,305,"Merciless","Limber","Regenerator","",
748,"Toxapex","Poison","Water",50,63,152,53,142,35,495,"Merciless","Limber","Regenerator","",
749,"Mudbray","Ground","",70,100,70,45,55,45,385,"Own Tempo","Stamina","Inner Focus","",
750,"Mudsdale","Ground","",100,125,100,55,85,35,500,"Own Tempo","Stamina","Inner Focus","",
751,"Dewpider","Water","Bug",38,40,52,40,72,27,269,"Water Bubble","","Water Absorb","",
752,"Araquanid","Water","Bug",68,70,92,50,132,42,454,"Water Bubble","","Water Absorb","",
753,"Fomantis","Grass","",40,55,35,50,35,35,250,"Leaf Guard","","Contrary","",
754,"Lurantis","Grass","",70,105,90,80,90,45,480,"Leaf Guard","","Contrary","",
757,"Salandit","Poison","Fire",48,44,40,71,40,77,320,"Corrosion","","Oblivious","",
758,"Salazzle","Poison","Fire",68,64,60,111,60,117,480,"Corrosion","","Oblivious","",
761,"Bounsweet","Grass","",42,30,38,30,38,32,210,"Leaf Guard","Oblivious","Sweet Veil","",
762,"Steenee","Grass","",52,40,48,40,48,62,290,"Leaf Guard","Oblivious","Sweet Veil","",
763,"Tsareena","Grass","",72,120,98,50,98,72,510,"Leaf Guard","Queenly Majesty","Sweet Veil","",
764,"Comfey","Fairy","",51,52,90,82,110,100,485,"Flower Veil","Triage","Natural Cure","",
765,"Oranguru","Normal","Psychic",90,60,80,90,110,60,490,"Inner Focus","Telepathy","Symbiosis","",
766,"Passimian","Fighting","",100,120,90,40,60,80,490,"Receiver","","Defiant","",
769,"Sandygast","Ghost","Ground",55,55,80,70,45,15,320,"Water Compaction","","Sand Veil","",
770,"Palossand","Ghost","Ground",85,75,110,100,75,35,480,"Water Compaction","","Sand Veil","",
774,"Minior-Meteor","Rock","Flying",60,60,100,60,100,60,440,"Shields Down","","","",
774,"Minior","Rock","Flying",60,100,60,100,60,120,500,"Shields Down","","","",
775,"Komala","Normal","",65,115,65,75,95,65,480,"Comatose","","","",
778,"Mimikyu","Ghost","Fairy",55,90,80,50,105,96,476,"Disguise","","","",
778,"Mimikyu-Busted","Ghost","Fairy",55,90,80,50,105,96,476,"Disguise","","","",
779,"Bruxish","Water","Psychic",68,105,70,70,70,92,475,"Dazzling","Strong Jaw","Wonder Skin","",
782,"Jangmo-o","Dragon","",45,55,65,45,45,45,300,"Bulletproof","Soundproof","Overcoat","",
783,"Hakamo-o","Dragon","Fighting",55,75,90,65,70,65,420,"Bulletproof","Soundproof","Overcoat","",
784,"Kommo-o","Dragon","Fighting",75,110,125,100,105,85,600,"Bulletproof","Soundproof","Overcoat","",
789,"Cosmog","Psychic","",43,29,31,29,31,37,200,"Unaware","","","",
790,"Cosmoem","Psychic","",43,29,131,29,131,37,400,"Sturdy","","","",
791,"Solgaleo","Psychic","Steel",137,137,107,113,89,97,680,"Full Metal Body","","","",
792,"Lunala","Psychic","Ghost",137,113,89,137,107,97,680,"Shadow Shield","","","",
800,"Necrozma","Psychic","",97,107,101,127,89,79,600,"Prism Armor","","","",
800,"Necrozma-Dusk-Mane","Psychic","Steel",97,157,127,113,109,77,680,"Prism Armor","","","",
800,"Necrozma-Dawn-Wings","Psychic","Ghost",97,113,109,157,127,77,680,"Prism Armor","","","",
801,"Magearna","Steel","Fairy",80,95,115,130,115,65,600,"Soul-Heart","","","",
801,"Magearna-Original","Steel","Fairy",80,95,115,130,115,65,600,"Soul-Heart","","","",
810,"Grookey","Grass","",50,65,50,40,40,65,310,"Overgrow","","Grassy Surge","",
811,"Thwackey","Grass","",70,85,70,55,60,80,420,"Overgrow","","Grassy Surge","",
812,"Rillaboom","Grass","",100,125,90,60,70,85,530,"Overgrow","","Grassy Surge","",
813,"Scorbunny","Fire","",50,71,40,40,40,69,310,"Blaze","","Libero","",
814,"Raboot","Fire","",65,86,60,55,60,94,420,"Blaze","","Libero","",
815,"Cinderace","Fire","",80,116,75,65,75,119,530,"Blaze","","Libero","",
816,"Sobble","Water","",50,40,40,70,40,70,310,"Torrent","","Sniper","",
817,"Drizzile","Water","",65,60,55,95,55,90,420,"Torrent","","Sniper","",
818,"Inteleon","Water","",70,85,65,125,65,120,530,"Torrent","","Sniper","",
819,"Skwovet","Normal","",70,55,55,35,35,25,275,"Cheek Pouch","","Gluttony","",
820,"Greedent","Normal","",120,95,95,55,75,20,460,"Cheek Pouch","","Gluttony","",
821,"Rookidee","Flying","",38,47,35,33,35,57,245,"Keen Eye","Unnerve","Big Pecks","",
822,"Corvisquire","Flying","",68,67,55,43,55,77,365,"Keen Eye","Unnerve","Big Pecks","",
823,"Corviknight","Flying","Steel",98,87,105,53,85,67,495,"Pressure","Unnerve","Mirror Armor","",
833,"Chewtle","Water","",50,64,50,38,38,44,284,"Strong Jaw","Shell Armor","Swift Swim","",
834,"Drednaw","Water","Rock",90,115,90,48,68,74,485,"Strong Jaw","Shell Armor","Swift Swim","",
837,"Rolycoly","Rock","",30,40,50,40,50,30,240,"Steam Engine","Heatproof","Flash Fire","",
838,"Carkol","Rock","Fire",80,60,90,60,70,50,410,"Steam Engine","Flame Body","Flash Fire","",
839,"Coalossal","Rock","Fire",110,80,120,80,90,30,510,"Steam Engine","Flame Body","Flash Fire","",
840,"Applin","Grass","Dragon",40,40,80,40,40,20,260,"Ripen","Gluttony","Bulletproof","",
841,"Flapple","Grass","Dragon",70,110,80,95,60,70,485,"Ripen","Gluttony","Hustle","",
842,"Appletun","Grass","Dragon",110,85,80,100,80,30,485,"Ripen","Gluttony","Thick Fat","",
843,"Silicobra","Ground","",52,57,75,35,50,46,315,"Sand Spit","Shed Skin","Sand Veil","",
844,"Sandaconda","Ground","",72,107,125,65,70,71,510,"Sand Spit","Shed Skin","Sand Veil","",
845,"Cramorant","Flying","Water",70,85,55,85,95,85,475,"Gulp Missile","","","",
845,"Cramorant-Gulping","Flying","Water",70,85,55,85,95,85,475,"Gulp Missile","","","",
845,"Cramorant-Gorging","Flying","Water",70,85,55,85,95,85,475,"Gulp Missile","","","",
846,"Arrokuda","Water","",41,63,40,40,30,66,280,"Swift Swim","","Propeller Tail","",
847,"Barraskewda","Water","",61,123,60,60,50,136,490,"Swift Swim","","Propeller Tail","",
848,"Toxel","Electric","Poison",40,38,35,54,35,40,242,"Rattled","Static","Klutz","",
849,"Toxtricity","Electric","Poison",75,98,70,114,70,75,502,"Punk Rock","Plus","Technician","",
849,"Toxtricity-Low-Key","Electric","Poison",75,98,70,114,70,75,502,"Punk Rock","Minus","Technician","",
854,"Sinistea","Ghost","",40,45,45,74,54,50,308,"Weak Armor","","Cursed Body","",
854,"Sinistea-Antique","Ghost","",40,45,45,74,54,50,308,"Weak Armor","","Cursed Body","",
855,"Polteageist","Ghost","",60,65,65,134,114,70,508,"Weak Armor","","Cursed Body","",
855,"Polteageist-Antique","Ghost","",60,65,65,134,114,70,508,"Weak Armor","","Cursed Body","",
856,"Hatenna","Psychic","",42,30,45,56,53,39,265,"Healer","Anticipation","Magic Bounce","",
857,"Hattrem","Psychic","",57,40,65,86,73,49,370,"Healer","Anticipation","Magic Bounce","",
858,"Hatterene","Psychic","Fairy",57,90,95,136,103,29,510,"Healer","Anticipation","Magic Bounce","",
859,"Impidimp","Dark","Fairy",45,45,30,55,40,50,265,"Prankster","Frisk","Pickpocket","",
860,"Morgrem","Dark","Fairy",65,60,45,75,55,70,370,"Prankster","Frisk","Pickpocket","",
861,"Grimmsnarl","Dark","Fairy",95,120,65,95,75,60,510,"Prankster","Frisk","Pickpocket","",
863,"Perrserker","Steel","",70,110,100,50,60,50,440,"Battle Armor","Tough Claws","Steely Spirit","",
868,"Milcery","Fairy","",45,40,40,50,61,34,270,"Sweet Veil","","Aroma Veil","",
869,"Alcremie","Fairy","",65,60,75,110,121,64,495,"Sweet Veil","","Aroma Veil","",
870,"Falinks","Fighting","",65,100,100,70,60,75,470,"Battle Armor","","Defiant","",
871,"Pincurchin","Electric","",48,101,95,91,85,15,435,"Lightning Rod","","Electric Surge","",
872,"Snom","Ice","Bug",30,25,35,45,30,20,185,"Shield Dust","","Ice Scales","",
873,"Frosmoth","Ice","Bug",70,65,60,125,90,65,475,"Shield Dust","","Ice Scales","",
874,"Stonjourner","Rock","",100,125,135,20,20,70,470,"Power Spot","","","",
875,"Eiscue","Ice","",75,80,110,65,90,50,470,"Ice Face","","","",
875,"Eiscue-Noice","Ice","",75,80,70,65,50,130,470,"Ice Face","","","",
876,"Indeedee","Psychic","Normal",60,65,55,105,95,95,475,"Inner Focus","Synchronize","Psychic Surge","",
876,"Indeedee-F","Psychic","Normal",70,55,65,95,105,85,475,"Own Tempo","Synchronize","Psychic Surge","",
877,"Morpeko","Electric","Dark",58,95,58,70,58,97,436,"Hunger Switch","","","",
877,"Morpeko-Hangry","Electric","Dark",58,95,58,70,58,97,436,"Hunger Switch","","","",
878,"Cufant","Steel","",72,80,49,40,49,40,330,"Sheer Force","","Heavy Metal","",
879,"Copperajah","Steel","",122,130,69,80,69,30,500,"Sheer Force","","Heavy Metal","",
884,"Duraludon","Steel","Dragon",70,95,115,120,50,85,535,"Light Metal","Heavy Metal","Stalwart","",
885,"Dreepy","Dragon","Ghost",28,60,30,40,30,82,270,"Clear Body","Infiltrator","Cursed Body","",
886,"Drakloak","Dragon","Ghost",68,80,50,60,50,102,410,"Clear Body","Infiltrator","Cursed Body","",
887,"Dragapult","Dragon","Ghost",88,120,75,100,75,142,600,"Clear Body","Infiltrator","Cursed Body","",
888,"Zacian","Fairy","",92,120,115,80,115,138,660,"Intrepid Sword","","","",
888,"Zacian-Crowned","Fairy","Steel",92,150,115,80,115,148,700,"Intrepid Sword","","","",
889,"Zamazenta","Fighting","",92,120,115,80,115,138,660,"Dauntless Shield","","","",
889,"Zamazenta-Crowned","Fighting","Steel",92,120,140,80,140,128,700,"Dauntless Shield","","","",
890,"Eternatus","Poison","Dragon",140,85,95,145,95,130,690,"Pressure","","","",
891,"Kubfu","Fighting","",60,90,60,53,50,72,385,"Inner Focus","","","",
892,"Urshifu","Fighting","Dark",100,130,100,63,60,97,550,"Unseen Fist","","","",
892,"Urshifu-Rapid-Strike","Fighting","Water",100,130,100,63,60,97,550,"Unseen Fist","","","",
893,"Zarude","Dark","Grass",105,120,105,70,95,105,600,"Leaf Guard","","","",
893,"Zarude-Dada","Dark","Grass",105,120,105,70,95,105,600,"Leaf Guard","","","",
894,"Regieleki","Electric","",80,100,50,100,50,200,580,"Transistor","","","",
895,"Regidrago","Dragon","",200,100,50,100,50,80,580,"Dragon's Maw","","","",
896,"Glastrier","Ice","",100,145,130,65,110,30,580,"Chilling Neigh","","","",
897,"Spectrier","Ghost","",100,65,60,145,80,130,580,"Grim Neigh","","","",
898,"Calyrex","Psychic","Grass",100,80,80,80,80,80,500,"Unnerve","","","",
898,"Calyrex-Ice","Psychic","Ice",100,165,150,85,130,50,680,"As One (Glastrier)","","","",
898,"Calyrex-Shadow","Psychic","Ghost",100,85,80,165,100,150,680,"As One (Spectrier)","","","",
899,"Wyrdeer","Normal","Psychic",103,105,72,105,75,65,525,"Intimidate","Frisk","Sap Sipper","",
900,"Kleavor","Bug","Rock",70,135,95,45,70,85,500,"Swarm","Sheer Force","Sharpness","",
901,"Ursaluna","Ground","Normal",130,140,105,45,80,50,550,"Guts","Bulletproof","Unnerve","",
901,"Ursaluna-Bloodmoon","Ground","Normal",113,70,120,135,65,52,555,"Mind's Eye","","","",
902,"Basculegion","Water","Ghost",120,112,65,80,75,78,530,"Swift Swim","Adaptability","Mold Breaker","",
902,"Basculegion-F","Water","Ghost",120,92,65,100,75,78,530,"Swift Swim","Adaptability","Mold Breaker","",
903,"Sneasler","Fighting","Poison",80,130,60,40,80,120,510,"Pressure","Unburden","Poison Touch","",
904,"Overqwil","Dark","Poison",85,115,95,65,65,85,510,"Poison Point","Swift Swim","Intimidate","",
905,"Enamorus","Fairy","Flying",74,115,70,135,80,106,580,"Cute Charm","","Contrary","",
905,"Enamorus-Therian","Fairy","Flying",74,115,110,135,100,46,580,"Overcoat","","","",
906,"Sprigatito","Grass","",40,61,54,45,45,65,310,"Overgrow","","Protean","",
907,"Floragato","Grass","",61,80,63,60,63,83,410,"Overgrow","","Protean","",
908,"Meowscarada","Grass","Dark",76,110,70,81,70,123,530,"Overgrow","","Protean","",
909,"Fuecoco","Fire","",67,45,59,63,40,36,310,"Blaze","","Unaware","",
910,"Crocalor","Fire","",81,55,78,90,58,49,411,"Blaze","","Unaware","",
911,"Skeledirge","Fire","Ghost",104,75,100,110,75,66,530,"Blaze","","Unaware","",
912,"Quaxly","Water","",55,65,45,50,45,50,310,"Torrent","","Moxie","",
913,"Quaxwell","Water","",70,85,65,65,60,65,410,"Torrent","","Moxie","",
914,"Quaquaval","Water","Fighting",85,120,80,85,75,85,530,"Torrent","","Moxie","",
915,"Lechonk","Normal","",54,45,40,35,45,35,254,"Aroma Veil","Gluttony","Thick Fat","",
916,"Oinkologne","Normal","",110,100,75,59,80,65,489,"Lingering Aroma","Gluttony","Thick Fat","",
916,"Oinkologne-F","Normal","",115,90,70,59,90,65,489,"Aroma Veil","Gluttony","Thick Fat","",
917,"Tarountula","Bug","",35,41,45,29,40,20,210,"Insomnia","","Stakeout","",
918,"Spidops","Bug","",60,79,92,52,86,35,404,"Insomnia","","Stakeout","",
919,"Nymble","Bug","",33,46,40,21,25,45,210,"Swarm","","Tinted Lens","",
920,"Lokix","Bug","Dark",71,102,78,52,55,92,450,"Swarm","","Tinted Lens","",
921,"Pawmi","Electric","",45,50,20,40,25,60,240,"Static","Natural Cure","Iron Fist","",
922,"Pawmo","Electric","Fighting",60,75,40,50,40,85,350,"Volt Absorb","Natural Cure","Iron Fist","",
923,"Pawmot","Electric","Fighting",70,115,70,70,60,105,490,"Volt Absorb","Natural Cure","Iron Fist","",
924,"Tandemaus","Normal","",50,50,45,40,45,75,305,"Run Away","Pickup","Own Tempo","",
925,"Maushold","Normal","",74,75,70,65,75,111,470,"Friend Guard","Cheek Pouch","Technician","",
925,"Maushold-Four","Normal","",74,75,70,65,75,111,470,"Friend Guard","Cheek Pouch","Technician","",
926,"Fidough","Fairy","",37,55,70,30,55,65,312,"Own Tempo","","Klutz","",
927,"Dachsbun","Fairy","",57,80,115,50,80,95,477,"Well-Baked Body","","Aroma Veil","",
928,"Smoliv","Grass","Normal",41,35,45,58,51,30,260,"Early Bird","","Harvest","",
929,"Dolliv","Grass","Normal",52,53,60,78,78,33,354,"Early Bird","","Harvest","",
930,"Arboliva","Grass","Normal",78,69,90,125,109,39,510,"Seed Sower","","Harvest","",
931,"Squawkabilly","Normal","Flying",82,96,51,45,51,92,417,"Intimidate","Hustle","Guts","",
931,"Squawkabilly-Blue","Normal","Flying",82,96,51,45,51,92,417,"Intimidate","Hustle","Guts","",
931,"Squawkabilly-Yellow","Normal","Flying",82,96,51,45,51,92,417,"Intimidate","Hustle","Sheer Force","",
931,"Squawkabilly-White","Normal","Flying",82,96,51,45,51,92,417,"Intimidate","Hustle","Sheer Force","",
932,"Nacli","Rock","",55,55,75,35,35,25,280,"Purifying Salt","Sturdy","Clear Body","",
933,"Naclstack","Rock","",60,60,100,35,65,35,355,"Purifying Salt","Sturdy","Clear Body","",
934,"Garganacl","Rock","",100,100,130,45,90,35,500,"Purifying Salt","Sturdy","Clear Body","",
935,"Charcadet","Fire","",40,50,40,50,40,35,255,"Flash Fire","","Flame Body","",
936,"Armarouge","Fire","Psychic",85,60,100,125,80,75,525,"Flash Fire","","Weak Armor","",
937,"Ceruledge","Fire","Ghost",75,125,80,60,100,85,525,"Flash Fire","","Weak Armor","",
938,"Tadbulb","Electric","",61,31,41,59,35,45,272,"Own Tempo","Static","Damp","",
939,"Bellibolt","Electric","",109,64,91,103,83,45,495,"Electromorphosis","Static","Damp","",
940,"Wattrel","Electric","Flying",40,40,35,55,40,70,280,"Wind Power","Volt Absorb","Competitive","",
941,"Kilowattrel","Electric","Flying",70,70,60,105,60,125,490,"Wind Power","Volt Absorb","Competitive","",
942,"Maschiff","Dark","",60,78,60,40,51,51,340,"Intimidate","Run Away","Stakeout","",
943,"Mabosstiff","Dark","",80,120,90,60,70,85,505,"Intimidate","Guard Dog","Stakeout","",
944,"Shroodle","Poison","Normal",40,65,35,40,35,75,290,"Unburden","Pickpocket","Prankster","",
945,"Grafaiai","Poison","Normal",63,95,65,80,72,110,485,"Unburden","Poison Touch","Prankster","",
946,"Bramblin","Grass","Ghost",40,65,30,45,35,60,275,"Wind Rider","","Infiltrator","",
947,"Brambleghast","Grass","Ghost",55,115,70,80,70,90,480,"Wind Rider","","Infiltrator","",
948,"Toedscool","Ground","Grass",40,40,35,50,100,70,335,"Mycelium Might","","","",
949,"Toedscruel","Ground","Grass",80,70,65,80,120,100,515,"Mycelium Might","","","",
950,"Klawf","Rock","",70,100,115,35,55,75,450,"Anger Shell","Shell Armor","Regenerator","",
951,"Capsakid","Grass","",50,62,40,62,40,50,304,"Chlorophyll","Insomnia","Klutz","",
952,"Scovillain","Grass","Fire",65,108,65,108,65,75,486,"Chlorophyll","Insomnia","Moody","",
953,"Rellor","Bug","",41,50,60,31,58,30,270,"Compound Eyes","","Shed Skin","",
954,"Rabsca","Bug","Psychic",75,50,85,115,100,45,470,"Synchronize","","Telepathy","",
955,"Flittle","Psychic","",30,35,30,55,30,75,255,"Anticipation","Frisk","Speed Boost","",
956,"Espathra","Psychic","",95,60,60,101,60,105,481,"Opportunist","Frisk","Speed Boost","",
957,"Tinkatink","Fairy","Steel",50,45,45,35,64,58,297,"Mold Breaker","Own Tempo","Pickpocket","",
958,"Tinkatuff","Fairy","Steel",65,55,55,45,82,78,380,"Mold Breaker","Own Tempo","Pickpocket","",
959,"Tinkaton","Fairy","Steel",85,75,77,70,105,94,506,"Mold Breaker","Own Tempo","Pickpocket","",
960,"Wiglett","Water","",10,55,25,35,25,95,245,"Gooey","Rattled","Sand Veil","",
961,"Wugtrio","Water","",35,100,50,50,70,120,425,"Gooey","Rattled","Sand Veil","",
962,"Bombirdier","Flying","Dark",70,103,85,60,85,82,485,"Big Pecks","Keen Eye","Rocky Payload","",
963,"Finizen","Water","",70,45,40,45,40,75,315,"Water Veil","","","",
964,"Palafin","Water","",100,70,72,53,62,100,457,"Zero to Hero","","","",
964,"Palafin-Hero","Water","",100,160,97,106,87,100,650,"Zero to Hero","","","",
965,"Varoom","Steel","Poison",45,70,63,30,45,47,300,"Overcoat","","Slow Start","",
966,"Revavroom","Steel","Poison",80,119,90,54,67,90,500,"Overcoat","","Filter","",
967,"Cyclizar","Dragon","Normal",70,95,65,85,65,121,501,"Shed Skin","","Regenerator","",
968,"Orthworm","Steel","",70,85,145,60,55,65,480,"Earth Eater","","Sand Veil","",
969,"Glimmet","Rock","Poison",48,35,42,105,60,60,350,"Toxic Debris","","Corrosion","",
970,"Glimmora","Rock","Poison",83,55,90,130,81,86,525,"Toxic Debris","","Corrosion","",
971,"Greavard","Ghost","",50,61,60,30,55,34,290,"Pickup","","Fluffy","",
972,"Houndstone","Ghost","",72,101,100,50,97,68,488,"Sand Rush","","Fluffy","",
973,"Flamigo","Flying","Fighting",82,115,74,75,64,90,500,"Scrappy","Tangled Feet","Costar","",
974,"Cetoddle","Ice","",108,68,45,30,40,43,334,"Thick Fat","Snow Cloak","Sheer Force","",
975,"Cetitan","Ice","",170,113,65,45,55,73,521,"Thick Fat","Slush Rush","Sheer Force","",
976,"Veluza","Water","Psychic",90,102,73,78,65,70,478,"Mold Breaker","","Sharpness","",
977,"Dondozo","Water","",150,100,115,65,65,35,530,"Unaware","Oblivious","Water Veil","",
978,"Tatsugiri","Dragon","Water",68,50,60,120,95,82,475,"Commander","","Storm Drain","",
979,"Annihilape","Fighting","Ghost",110,115,80,50,90,90,535,"Vital Spirit","Inner Focus","Defiant","",
980,"Clodsire","Poison","Ground",130,75,60,45,100,20,430,"Poison Point","Water Absorb","Unaware","",
981,"Farigiraf","Normal","Psychic",120,90,70,110,70,60,520,"Cud Chew","Armor Tail","Sap Sipper","",
982,"Dudunsparce","Normal","",125,100,80,85,75,55,520,"Serene Grace","Run Away","Rattled","",
982,"Dudunsparce-Three-Segment","Normal","",125,100,80,85,75,55,520,"Serene Grace","Run Away","Rattled","",
983,"Kingambit","Dark","Steel",100,135,120,60,85,50,550,"Defiant","Supreme Overlord","Pressure","",
984,"Great Tusk","Ground","Fighting",115,131,131,53,53,87,570,"Protosynthesis","","","",
985,"Scream Tail","Fairy","Psychic",115,65,99,65,115,111,570,"Protosynthesis","","","",
986,"Brute Bonnet","Grass","Dark",111,127,99,79,99,55,570,"Protosynthesis","","","",
987,"Flutter Mane","Ghost","Fairy",55,55,55,135,135,135,570,"Protosynthesis","","","",
988,"Slither Wing","Bug","Fighting",85,135,79,85,105,81,570,"Protosynthesis","","","",
989,"Sandy Shocks","Electric","Ground",85,81,97,121,85,101,570,"Protosynthesis","","","",
990,"Iron Treads","Ground","Steel",90,112,120,72,70,106,570,"Quark Drive","","","",
991,"Iron Bundle","Ice","Water",56,80,114,124,60,136,570,"Quark Drive","","","",
992,"Iron Hands","Fighting","Electric",154,140,108,50,68,50,570,"Quark Drive","","","",
993,"Iron Jugulis","Dark","Flying",94,80,86,122,80,108,570,"Quark Drive","","","",
994,"Iron Moth","Fire","Poison",80,70,60,140,110,110,570,"Quark Drive","","","",
995,"Iron Thorns","Rock","Electric",100,134,110,70,84,72,570,"Quark Drive","","","",
996,"Frigibax","Dragon","Ice",65,75,45,35,45,55,320,"Thermal Exchange","","Ice Body","",
997,"Arctibax","Dragon","Ice",90,95,66,45,65,62,423,"Thermal Exchange","","Ice Body","",
998,"Baxcalibur","Dragon","Ice",115,145,92,75,86,87,600,"Thermal Exchange","","Ice Body","",
999,"Gimmighoul","Ghost","",45,30,70,75,70,10,300,"Rattled","","","",
999,"Gimmighoul-Roaming","Ghost","",45,30,25,75,45,80,300,"Run Away","","","",
1000,"Gholdengo","Steel","Ghost",87,60,95,133,91,84,550,"Good as Gold","","","",
1001,"Wo-Chien","Dark","Grass",85,85,100,95,135,70,570,"Tablets of Ruin","","","",
1002,"Chien-Pao","Dark","Ice",80,120,80,90,65,135,570,"Sword of Ruin","","","",
1003,"Ting-Lu","Dark","Ground",155,110,125,55,80,45,570,"Vessel of Ruin","","","",
1004,"Chi-Yu","Dark","Fire",55,80,80,135,120,100,570,"Beads of Ruin","","","",
1005,"Roaring Moon","Dragon","Dark",105,139,71,55,101,119,590,"Protosynthesis","","","",
1006,"Iron Valiant","Fairy","Fighting",74,130,90,120,60,116,590,"Quark Drive","","","",
1007,"Koraidon","Fighting","Dragon",100,135,115,85,100,135,670,"Orichalcum Pulse","","","",
1008,"Miraidon","Electric","Dragon",100,85,100,135,115,135,670,"Hadron Engine","","","",
1009,"Walking Wake","Water","Dragon",99,83,91,125,83,109,590,"Protosynthesis","","","",
1010,"Iron Leaves","Grass","Psychic",90,130,88,70,108,104,590,"Quark Drive","","","",
1011,"Dipplin","Grass","Dragon",80,80,110,95,80,40,485,"Supersweet Syrup","Gluttony","Sticky Hold","",
1012,"Poltchageist","Grass","Ghost",40,45,45,74,54,50,308,"Hospitality","","Heatproof","",
1012,"Poltchageist-Artisan","Grass","Ghost",40,45,45,74,54,50,308,"Hospitality","","Heatproof","",
1013,"Sinistcha","Grass","Ghost",71,60,106,121,80,70,508,"Hospitality","","Heatproof","",
1013,"Sinistcha-Masterpiece","Grass","Ghost",71,60,106,121,80,70,508,"Hospitality","","Heatproof","",
1014,"Okidogi","Poison","Fighting",88,128,115,58,86,80,555,"Toxic Chain","","Guard Dog","",
1015,"Munkidori","Poison","Psychic",88,75,66,130,90,106,555,"Toxic Chain","","Frisk","",
1016,"Fezandipiti","Poison","Fairy",88,91,82,70,125,99,555,"Toxic Chain","","Technician","",
1017,"Ogerpon","Grass","",80,120,84,60,96,110,550,"Defiant","","","",
1017,"Ogerpon-Wellspring","Grass","Water",80,120,84,60,96,110,550,"Water Absorb","","","",
1017,"Ogerpon-Hearthflame","Grass","Fire",80,120,84,60,96,110,550,"Mold Breaker","","","",
1017,"Ogerpon-Cornerstone","Grass","Rock",80,120,84,60,96,110,550,"Sturdy","","","",
1017,"Ogerpon-Teal-Tera","Grass","",80,120,84,60,96,110,550,"Embody Aspect (Teal)","","","",
1017,"Ogerpon-Wellspring-Tera","Grass","Water",80,120,84,60,96,110,550,"Embody Aspect (Wellspring)","","","",
1017,"Ogerpon-Hearthflame-Tera","Grass","Fire",80,120,84,60,96,110,550,"Embody Aspect (Hearthflame)","","","",
1017,"Ogerpon-Cornerstone-Tera","Grass","Rock",80,120,84,60,96,110,550,"Embody Aspect (Cornerstone)","","","",
1018,"Archaludon","Steel","Dragon",90,105,130,125,65,85,600,"Stamina","Sturdy","Stalwart","",
1019,"Hydrapple","Grass","Dragon",106,80,110,120,80,44,540,"Supersweet Syrup","Regenerator","Sticky Hold","",
1020,"Gouging Fire","Fire","Dragon",105,115,121,65,93,91,590,"Protosynthesis","","","",
1021,"Raging Bolt","Electric","Dragon",125,73,91,137,89,75,590,"Protosynthesis","","","",
1022,"Iron Boulder","Rock","Psychic",90,120,80,68,108,124,590,"Quark Drive","","","",
1023,"Iron Crown","Steel","Psychic",90,72,100,122,108,98,590,"Quark Drive","","","",
1024,"Terapagos","Normal","",90,65,85,65,85,60,450,"Tera Shift","","","",
1024,"Terapagos-Terastal","Normal","",95,95,110,105,110,85,600,"Tera Shell","","","",
1024,"Terapagos-Stellar","Normal","",160,105,110,130,110,85,700,"Teraform Zero","","","",
1025,"Pecharunt","Poison","Ghost",88,88,160,88,88,88,600,"Poison Puppeteer","","","",
